sheet,3LW 持続圧
condition,0.6,0.2,TRUE
brightness,0,1.3
brightness,1,1.1
brightness,2,0.9
brightness,3,0.7
brightness,4,0.5
brightness,5,0.3
brightness,6,0.1
line,0,-0.6214,91.75
line,1,-0.4786,76.0
line,2,-0.3286,61.0
line,3,-0.2786,46.75
region,A
Standard_Chart_x,0.1457,0.1475,0.1494,0.1513,0.1531,0.155,0.1587,0.1605,0.1624,0.1642,0.1661,0.1679,0.1716,0.1735,0.1753,0.1772,0.1791,0.1828,0.1846,0.1865,0.1883,0.1902,0.192,0.1939,0.1957,0.1994,0.2013,0.2031,0.205,0.2069,0.2087,0.2106,0.2124,0.2143,0.2161,0.218,0.2198,0.2217,0.2235,0.2254,0.2272,0.2291,0.2309,0.2328,0.2347,0.2365,0.2384,0.2402,0.2421,0.2439,0.2458,0.2476,0.2495,0.2513,0.2532,0.255,0.2569,0.2587,0.2606,0.2625,0.2643,0.2662,0.268,0.2699,0.2717,0.2736,0.2754,0.2773,0.2791,0.281,0.2828,0.2847,0.2865,0.2884,0.2903,0.2921,0.294,0.2958,0.2977,0.2995,0.3014,0.3032,0.3051,0.3069,0.3088,0.3106,0.3125,0.3143,0.3162,0.3181,0.3199,0.3218,0.3236,0.3255,0.3273,0.3292,0.331,0.3329,0.3347,0.3366,0.3384,0.3403,0.3421,0.344,0.3459,0.3477,0.3496,0.3514,0.3533,0.3551,0.357,0.3588,0.3607,0.3625,0.3644,0.3662,0.3681,0.37,0.3718,0.3737,0.3755,0.3774,0.3792,0.3811,0.3829,0.3848,0.3866,0.3885,0.3903,0.3922,0.394,0.3959,0.3978,0.3996,0.4015,0.4033,0.4052,0.407,0.4089,0.4107,0.4126,0.4144,0.4163,0.4181,0.42,0.4218,0.4237,0.4256,0.4274,0.4293,0.4311,0.433,0.4348,0.4367,0.4385,0.4404,0.4422,0.4441,0.4459,0.4478,0.4496,0.4515,0.4534,0.4552,0.4571,0.4589,0.4608,0.4626,0.4645,0.4663,0.4682,0.47,0.4719,0.4737,0.4756,0.4774,0.4793,0.4812,0.483,0.4849,0.4867,0.4886,0.4904,0.4923,0.4941,0.496,0.4978,0.4997,0.5015,0.5034,0.5052,0.5071,0.509,0.5108,0.5127,0.5145,0.5164,0.5182,0.5201,0.5219,0.5238,0.5256,0.5275,0.5293,0.5312,0.533,0.5349,0.5368,0.5386,0.5405,0.5423,0.5442,0.546,0.5479,0.5497,0.5516,0.5534,0.5553,0.5571,0.559,0.5608,0.5627,0.5646,0.5664,0.5683,0.5701,0.572,0.5738,0.5757,0.5775,0.5794,0.5812,0.5831,0.5849,0.5868,0.5886,0.5905,0.5924,0.5942,0.5961,0.5979,0.5998,0.6035,0.6053,0.6072,0.609,0.6109,0.6146,0.6164,0.6183,0.6202,0.622,0.6276,0.6294,0.6313,0.6331,0.635,0.6387,0.6405,0.6424,0.6443,0.6461,0.648,0.6498,0.6517,0.6535,0.6554,0.6572,0.6591,0.6628,0.6646,0.6665,0.6683,0.6702,0.6721,0.6776,0.6795,0.6813,0.6832,0.685,0.6869,0.6906,0.6924,0.6943,0.6961,0.698,0.6999
Standard_Chart_y,0.1424,0.1441,0.1475,0.1491,0.1525,0.1542,0.1626,0.166,0.1677,0.1694,0.1745,0.1745,0.1829,0.1863,0.188,0.193,0.1947,0.2032,0.2065,0.2099,0.2133,0.2167,0.2167,0.2251,0.2268,0.2353,0.2369,0.2403,0.2437,0.2471,0.2504,0.2538,0.2572,0.2589,0.2623,0.2656,0.2707,0.2724,0.2758,0.2808,0.2842,0.2859,0.2893,0.2927,0.2977,0.3011,0.3045,0.3079,0.3112,0.3146,0.3197,0.323,0.3264,0.3315,0.3332,0.3382,0.3416,0.345,0.3484,0.3534,0.3551,0.3602,0.3636,0.3686,0.372,0.3754,0.3805,0.3838,0.3872,0.3923,0.3973,0.4007,0.4058,0.4092,0.4142,0.421,0.4244,0.4311,0.4345,0.4395,0.4446,0.4497,0.4547,0.4598,0.4632,0.4699,0.475,0.4784,0.4818,0.4868,0.4919,0.4986,0.502,0.5071,0.5121,0.5155,0.5223,0.5273,0.5307,0.5375,0.5425,0.5459,0.551,0.556,0.5645,0.5696,0.5729,0.5797,0.5831,0.5898,0.5949,0.5983,0.605,0.6101,0.6135,0.6202,0.6236,0.6286,0.6337,0.6388,0.6438,0.6489,0.654,0.659,0.6641,0.6692,0.6742,0.6793,0.6861,0.6894,0.6962,0.7013,0.708,0.7114,0.7181,0.7232,0.7283,0.7333,0.7384,0.7435,0.7485,0.7536,0.7587,0.7654,0.7688,0.7739,0.7789,0.784,0.789,0.7941,0.7992,0.8042,0.8093,0.8161,0.8211,0.8262,0.8313,0.838,0.8414,0.8481,0.8549,0.86,0.865,0.8684,0.8752,0.8802,0.8853,0.8904,0.8954,0.9005,0.9055,0.9106,0.9157,0.9207,0.9258,0.9309,0.9359,0.941,0.9478,0.9511,0.9579,0.963,0.968,0.9731,0.9798,0.9832,0.9917,0.9967,1.002,1.009,1.012,1.017,1.022,1.029,1.034,1.039,1.042,1.049,1.054,1.059,1.064,1.069,1.074,1.079,1.085,1.091,1.096,1.1,1.105,1.11,1.115,1.122,1.125,1.13,1.135,1.142,1.145,1.149,1.154,1.159,1.162,1.167,1.171,1.174,1.179,1.182,1.186,1.191,1.193,1.199,1.201,1.204,1.209,1.211,1.216,1.22,1.225,1.228,1.231,1.233,1.238,1.243,1.252,1.253,1.257,1.26,1.26,1.27,1.274,1.275,1.277,1.28,1.291,1.294,1.296,1.299,1.301,1.309,1.312,1.314,1.318,1.321,1.321,1.329,1.329,1.333,1.334,1.338,1.339,1.346,1.346,1.348,1.351,1.353,1.355,1.363,1.365,1.368,1.37,1.372,1.373,1.378,1.382,1.383,1.385,1.388,1.388
region,B
Standard_Chart_x,0.1483,0.1501,0.152,0.1538,0.1594,0.1613,0.1631,0.165,0.1668,0.1687,0.1742,0.1761,0.1779,0.1798,0.1816,0.1835,0.1872,0.1891,0.1909,0.1928,0.1946,0.1965,0.2002,0.202,0.2039,0.2057,0.2076,0.2094,0.2113,0.2132,0.215,0.2169,0.2187,0.2206,0.2224,0.2243,0.2261,0.228,0.2298,0.2317,0.2335,0.2354,0.2372,0.2391,0.241,0.2428,0.2447,0.2465,0.2484,0.2502,0.2521,0.2539,0.2558,0.2576,0.2595,0.2613,0.2632,0.265,0.2669,0.2688,0.2706,0.2725,0.2743,0.2762,0.278,0.2799,0.2817,0.2836,0.2854,0.2873,0.2891,0.291,0.2929,0.2947,0.2966,0.2984,0.3003,0.3021,0.304,0.3058,0.3077,0.3095,0.3114,0.3132,0.3151,0.3169,0.3188,0.3207,0.3225,0.3244,0.3262,0.3281,0.3299,0.3318,0.3336,0.3355,0.3373,0.3392,0.341,0.3429,0.3447,0.3466,0.3485,0.3503,0.3522,0.354,0.3559,0.3577,0.3596,0.3614,0.3633,0.3651,0.367,0.3688,0.3707,0.3725,0.3744,0.3763,0.3781,0.38,0.3818,0.3837,0.3855,0.3874,0.3892,0.3911,0.3929,0.3948,0.3966,0.3985,0.4003,0.4022,0.4041,0.4059,0.4078,0.4096,0.4115,0.4133,0.4152,0.417,0.4189,0.4207,0.4226,0.4244,0.4263,0.4281,0.43,0.4319,0.4337,0.4356,0.4374,0.4393,0.4411,0.443,0.4448,0.4467,0.4485,0.4504,0.4522,0.4541,0.4559,0.4578,0.4597,0.4615,0.4634,0.4652,0.4671,0.4689,0.4708,0.4726,0.4745,0.4763,0.4782,0.48,0.4819,0.4837,0.4856,0.4875,0.4893,0.4912,0.493,0.4949,0.4967,0.4986,0.5004,0.5023,0.5041,0.506,0.5078,0.5097,0.5115,0.5134,0.5153,0.5171,0.519,0.5208,0.5227,0.5245,0.5264,0.5282,0.5301,0.5319,0.5338,0.5356,0.5375,0.5393,0.5412,0.5431,0.5449,0.5468,0.5486,0.5505,0.5523,0.5542,0.556,0.5579,0.5597,0.5616,0.5634,0.5653,0.5671,0.569,0.5709,0.5727,0.5746,0.5764,0.5783,0.5801,0.582,0.5838,0.5857,0.5875,0.5894,0.5912,0.5931,0.595,0.5968,0.5987,0.6005,0.6042,0.6061,0.6079,0.6116,0.6135,0.6153,0.6172,0.619,0.6228,0.6246,0.6265,0.6283,0.6302,0.6339,0.6357,0.6376,0.6394,0.6413,0.645,0.6468,0.6487,0.6506,0.6524,0.658,0.6598,0.6617,0.6635,0.6691,0.6709,0.6728,0.6746,0.6765,0.6802,0.6821,0.6839,0.6858,0.6876,0.6932,0.695,0.6969,0.6987
Standard_Chart_y,0.1069,0.1086,0.1103,0.112,0.1171,0.1188,0.1204,0.1221,0.1238,0.1272,0.1323,0.1339,0.1356,0.1373,0.139,0.1407,0.1475,0.1475,0.1508,0.1525,0.1559,0.1576,0.1626,0.166,0.1694,0.1711,0.1728,0.1762,0.1778,0.1812,0.1846,0.1863,0.1897,0.193,0.1947,0.1964,0.1998,0.2015,0.2049,0.2082,0.2116,0.2133,0.2167,0.2184,0.2234,0.2268,0.2285,0.2336,0.2369,0.2403,0.2437,0.2471,0.2504,0.2555,0.2589,0.2623,0.264,0.269,0.2724,0.2758,0.2808,0.2842,0.2859,0.2893,0.2927,0.2977,0.3011,0.3045,0.3079,0.3112,0.3129,0.3163,0.323,0.3247,0.3315,0.3332,0.3382,0.3433,0.3467,0.3534,0.3568,0.3602,0.3636,0.3686,0.372,0.3771,0.3805,0.3838,0.3889,0.3923,0.3956,0.4007,0.4041,0.4092,0.4125,0.4159,0.421,0.426,0.4311,0.4345,0.4379,0.4446,0.448,0.4514,0.4564,0.4615,0.4683,0.4733,0.4767,0.4801,0.4851,0.4902,0.4953,0.4986,0.5037,0.5071,0.5105,0.5155,0.5223,0.5257,0.529,0.5341,0.5392,0.5425,0.5493,0.5527,0.5577,0.5611,0.5679,0.5712,0.5746,0.5797,0.5831,0.5898,0.5966,0.5999,0.6033,0.6101,0.6135,0.6185,0.6219,0.627,0.6303,0.6354,0.6405,0.6455,0.6489,0.6523,0.6574,0.6607,0.6675,0.6709,0.6759,0.6793,0.6844,0.6877,0.6945,0.6962,0.7013,0.708,0.7114,0.7181,0.7215,0.7266,0.7316,0.735,0.7401,0.7451,0.7485,0.7519,0.7587,0.762,0.7671,0.7688,0.7739,0.7789,0.7823,0.789,0.7924,0.7958,0.8009,0.8059,0.8093,0.8161,0.8178,0.8228,0.8296,0.8313,0.8397,0.8431,0.8465,0.8532,0.8566,0.86,0.865,0.8684,0.8735,0.8785,0.8819,0.887,0.8904,0.8954,0.8988,0.9039,0.9089,0.914,0.9174,0.9207,0.9258,0.9292,0.9359,0.9393,0.9427,0.9494,0.9528,0.9579,0.9646,0.968,0.9731,0.9765,0.9815,0.9866,0.99,0.9933,1.0,1.002,1.009,1.012,1.015,1.019,1.022,1.027,1.032,1.036,1.041,1.044,1.049,1.052,1.058,1.066,1.069,1.073,1.083,1.086,1.09,1.093,1.096,1.105,1.108,1.112,1.115,1.117,1.127,1.127,1.132,1.133,1.137,1.149,1.149,1.152,1.155,1.159,1.169,1.174,1.176,1.179,1.189,1.191,1.194,1.199,1.199,1.208,1.209,1.215,1.216,1.22,1.228,1.231,1.235,1.236
region,C
Standard_Chart_x,0.1501,0.152,0.1538,0.1557,0.1576,0.1594,0.1631,0.165,0.1668,0.1687,0.1705,0.1724,0.1742,0.1779,0.1798,0.1816,0.1835,0.1854,0.1872,0.1928,0.1946,0.1965,0.2002,0.202,0.2039,0.2057,0.2076,0.2094,0.2113,0.2132,0.215,0.2169,0.2187,0.2206,0.2224,0.2243,0.2261,0.228,0.2298,0.2317,0.2335,0.2354,0.2372,0.2391,0.241,0.2428,0.2447,0.2465,0.2484,0.2502,0.2521,0.2539,0.2558,0.2576,0.2595,0.2613,0.2632,0.265,0.2669,0.2688,0.2706,0.2725,0.2743,0.2762,0.278,0.2799,0.2817,0.2836,0.2854,0.2873,0.2891,0.291,0.2929,0.2947,0.2966,0.2984,0.3003,0.3021,0.304,0.3058,0.3077,0.3095,0.3114,0.3132,0.3151,0.3169,0.3188,0.3207,0.3225,0.3244,0.3262,0.3281,0.3299,0.3318,0.3336,0.3355,0.3373,0.3392,0.341,0.3429,0.3447,0.3466,0.3485,0.3503,0.3522,0.354,0.3559,0.3577,0.3596,0.3614,0.3633,0.3651,0.367,0.3688,0.3707,0.3725,0.3744,0.3763,0.3781,0.38,0.3818,0.3837,0.3855,0.3874,0.3892,0.3911,0.3929,0.3948,0.3966,0.3985,0.4003,0.4022,0.4041,0.4059,0.4078,0.4096,0.4115,0.4133,0.4152,0.417,0.4189,0.4207,0.4226,0.4244,0.4263,0.4281,0.43,0.4319,0.4337,0.4356,0.4374,0.4393,0.4411,0.443,0.4448,0.4467,0.4485,0.4504,0.4522,0.4541,0.4559,0.4578,0.4597,0.4615,0.4634,0.4652,0.4671,0.4689,0.4708,0.4726,0.4745,0.4763,0.4782,0.48,0.4819,0.4837,0.4856,0.4875,0.4893,0.4912,0.493,0.4949,0.4967,0.4986,0.5004,0.5023,0.5041,0.506,0.5078,0.5097,0.5115,0.5134,0.5153,0.5171,0.519,0.5208,0.5227,0.5245,0.5264,0.5282,0.5301,0.5319,0.5338,0.5356,0.5375,0.5393,0.5412,0.5431,0.5449,0.5468,0.5486,0.5505,0.5523,0.5542,0.556,0.5579,0.5597,0.5616,0.5634,0.5653,0.5671,0.569,0.5709,0.5727,0.5746,0.5764,0.5783,0.5801,0.582,0.5838,0.5857,0.5875,0.5894,0.5912,0.5931,0.595,0.5968,0.5987,0.6005,0.6042,0.6061,0.6079,0.6098,0.6116,0.6153,0.6172,0.619,0.6209,0.6228,0.6265,0.6283,0.6302,0.632,0.6339,0.6357,0.6394,0.6413,0.6431,0.645,0.6468,0.6506,0.6524,0.6543,0.6561,0.658,0.6617,0.6635,0.6654,0.6672,0.6691,0.6709,0.6746,0.6765,0.6784,0.6802,0.6821,0.6858,0.6876,0.6895,0.6913,0.6932,0.695
Standard_Chart_y,0.09849,0.09849,0.1019,0.1036,0.1052,0.1052,0.1103,0.112,0.1137,0.1154,0.1171,0.1188,0.1188,0.1221,0.1255,0.1272,0.1289,0.1289,0.1323,0.1373,0.1407,0.1407,0.1458,0.1475,0.1508,0.1525,0.1542,0.1559,0.1593,0.161,0.1626,0.166,0.1677,0.1694,0.1711,0.1728,0.1762,0.1762,0.1795,0.1829,0.1846,0.1863,0.188,0.1914,0.193,0.1947,0.1981,0.2015,0.2032,0.2082,0.2099,0.2133,0.2167,0.2184,0.2217,0.2251,0.2268,0.2285,0.2336,0.2353,0.2386,0.242,0.2454,0.2488,0.2504,0.2555,0.2572,0.2606,0.264,0.2673,0.2724,0.2758,0.2791,0.2825,0.2876,0.291,0.2943,0.2977,0.3011,0.3079,0.3095,0.3129,0.3163,0.3197,0.323,0.3281,0.3315,0.3349,0.3382,0.3416,0.345,0.3484,0.3518,0.3551,0.3602,0.3619,0.3653,0.3703,0.3737,0.3788,0.3821,0.3855,0.3906,0.394,0.3973,0.4024,0.4075,0.4108,0.4125,0.4176,0.421,0.426,0.4294,0.4328,0.4379,0.4412,0.4446,0.4497,0.4514,0.4547,0.4581,0.4615,0.4666,0.4699,0.475,0.4784,0.4818,0.4851,0.4902,0.4936,0.4986,0.502,0.5054,0.5088,0.5155,0.5189,0.5223,0.5273,0.529,0.5324,0.5375,0.5409,0.5459,0.5493,0.5527,0.556,0.5594,0.5628,0.5679,0.5712,0.5746,0.578,0.5814,0.5864,0.5898,0.5932,0.5983,0.6016,0.605,0.6101,0.6135,0.6202,0.6219,0.627,0.6303,0.6337,0.6371,0.6422,0.6455,0.6489,0.6523,0.6557,0.659,0.6624,0.6675,0.6709,0.6742,0.6776,0.6793,0.6861,0.6877,0.6928,0.6962,0.7013,0.7029,0.708,0.7114,0.7148,0.7215,0.7232,0.7266,0.7316,0.735,0.7384,0.7418,0.7451,0.7485,0.7519,0.7553,0.7587,0.762,0.7654,0.7688,0.7722,0.7755,0.7789,0.7823,0.7857,0.789,0.7907,0.7958,0.7992,0.8026,0.8059,0.8093,0.8127,0.8178,0.8211,0.8245,0.8279,0.8296,0.8329,0.838,0.8414,0.8431,0.8465,0.8498,0.8532,0.8566,0.8583,0.8617,0.865,0.8684,0.8701,0.8735,0.8785,0.8802,0.8853,0.8887,0.8937,0.8971,0.9005,0.9055,0.9055,0.914,0.9191,0.9207,0.9241,0.9275,0.9343,0.9376,0.9393,0.9427,0.9461,0.9461,0.9562,0.9579,0.9613,0.9646,0.9663,0.9748,0.9782,0.9815,0.9849,0.9866,0.9933,0.9967,1.0,1.002,1.007,1.007,1.014,1.017,1.02,1.024,1.025,1.034,1.036,1.039,1.041,1.046,1.046
region,D
Standard_Chart_x,0.1501,0.152,0.1576,0.1594,0.1613,0.1631,0.165,0.1668,0.1724,0.1742,0.1761,0.1779,0.1798,0.1816,0.1872,0.1891,0.1909,0.1928,0.1946,0.1965,0.2002,0.202,0.2039,0.2057,0.2076,0.2094,0.2113,0.2132,0.215,0.2169,0.2187,0.2206,0.2224,0.2243,0.2261,0.228,0.2298,0.2317,0.2335,0.2354,0.2372,0.2391,0.241,0.2428,0.2447,0.2465,0.2484,0.2502,0.2521,0.2539,0.2558,0.2576,0.2595,0.2613,0.2632,0.265,0.2669,0.2688,0.2706,0.2725,0.2743,0.2762,0.278,0.2799,0.2817,0.2836,0.2854,0.2873,0.2891,0.291,0.2929,0.2947,0.2966,0.2984,0.3003,0.3021,0.304,0.3058,0.3077,0.3095,0.3114,0.3132,0.3151,0.3169,0.3188,0.3207,0.3225,0.3244,0.3262,0.3281,0.3299,0.3318,0.3336,0.3355,0.3373,0.3392,0.341,0.3429,0.3447,0.3466,0.3485,0.3503,0.3522,0.354,0.3559,0.3577,0.3596,0.3614,0.3633,0.3651,0.367,0.3688,0.3707,0.3725,0.3744,0.3763,0.3781,0.38,0.3818,0.3837,0.3855,0.3874,0.3892,0.3911,0.3929,0.3948,0.3966,0.3985,0.4003,0.4022,0.4041,0.4059,0.4078,0.4096,0.4115,0.4133,0.4152,0.417,0.4189,0.4207,0.4226,0.4244,0.4263,0.4281,0.43,0.4319,0.4337,0.4356,0.4374,0.4393,0.4411,0.443,0.4448,0.4467,0.4485,0.4504,0.4522,0.4541,0.4559,0.4578,0.4597,0.4615,0.4634,0.4652,0.4671,0.4689,0.4708,0.4726,0.4745,0.4763,0.4782,0.48,0.4819,0.4837,0.4856,0.4875,0.4893,0.4912,0.493,0.4949,0.4967,0.4986,0.5004,0.5023,0.5041,0.506,0.5078,0.5097,0.5115,0.5134,0.5153,0.5171,0.519,0.5208,0.5227,0.5245,0.5264,0.5282,0.5301,0.5319,0.5338,0.5356,0.5375,0.5393,0.5412,0.5431,0.5449,0.5468,0.5486,0.5505,0.5523,0.5542,0.556,0.5579,0.5597,0.5616,0.5634,0.5653,0.5671,0.569,0.5709,0.5727,0.5746,0.5764,0.5783,0.5801,0.582,0.5838,0.5857,0.5875,0.5894,0.5912,0.5931,0.595,0.5968,0.5987,0.6005,0.6042,0.6061,0.6079,0.6135,0.6153,0.6172,0.619,0.6209,0.6265,0.6283,0.6302,0.632,0.6339,0.6394,0.6413,0.6431,0.645,0.6468,0.6487,0.6524,0.6543,0.6561,0.658,0.6598,0.6654,0.6672,0.6691,0.6709,0.6728,0.6746,0.6784,0.6802,0.6821,0.6839,0.6858,0.6876,0.6913,0.6932,0.695,0.6969,0.6987
Standard_Chart_y,0.09005,0.09005,0.09343,0.09511,0.0968,0.09849,0.1002,0.1002,0.1052,0.1052,0.1086,0.1086,0.1103,0.112,0.1171,0.1171,0.1188,0.1204,0.1221,0.1238,0.1272,0.1289,0.1323,0.1339,0.1356,0.1373,0.139,0.1407,0.1424,0.1441,0.1458,0.1475,0.1491,0.1508,0.1542,0.1559,0.1576,0.1593,0.161,0.1643,0.166,0.1677,0.1694,0.1711,0.1745,0.1778,0.1795,0.1812,0.1846,0.188,0.1897,0.1914,0.1947,0.1964,0.1998,0.2015,0.2032,0.2065,0.2099,0.2116,0.215,0.215,0.2184,0.2201,0.2251,0.2268,0.2302,0.2336,0.2353,0.2386,0.242,0.2437,0.2471,0.2504,0.2555,0.2572,0.2606,0.264,0.2673,0.2707,0.2741,0.2758,0.2791,0.2825,0.2859,0.2876,0.2893,0.2943,0.2977,0.2994,0.3028,0.3062,0.3079,0.3112,0.3129,0.3163,0.3197,0.323,0.3247,0.3298,0.3332,0.3349,0.3382,0.3416,0.3467,0.3484,0.3534,0.3551,0.3585,0.3619,0.3636,0.3669,0.3703,0.3737,0.3771,0.3788,0.3821,0.3838,0.3872,0.3923,0.394,0.3973,0.4007,0.4024,0.4058,0.4092,0.4125,0.4159,0.4176,0.421,0.426,0.4294,0.4328,0.4362,0.4379,0.4412,0.4446,0.448,0.4497,0.4547,0.4581,0.4598,0.4632,0.4649,0.4683,0.4716,0.475,0.4767,0.4801,0.4834,0.4851,0.4902,0.4919,0.4953,0.5003,0.502,0.5054,0.5088,0.5105,0.5155,0.5189,0.5223,0.5257,0.5273,0.5307,0.5307,0.5358,0.5392,0.5409,0.5459,0.5476,0.5493,0.5527,0.556,0.5577,0.5628,0.5662,0.5679,0.5712,0.5746,0.5763,0.5814,0.5831,0.5864,0.5898,0.5915,0.5966,0.5999,0.6016,0.605,0.6084,0.6101,0.6135,0.6168,0.6202,0.6236,0.6253,0.627,0.6286,0.6337,0.6354,0.6388,0.6405,0.6438,0.6472,0.6489,0.6523,0.654,0.659,0.6607,0.6641,0.6675,0.6709,0.6725,0.6776,0.6793,0.6827,0.6844,0.6877,0.6911,0.6928,0.6962,0.6962,0.7013,0.7029,0.7063,0.708,0.7114,0.7131,0.7164,0.7181,0.7215,0.7232,0.7249,0.7283,0.7316,0.7333,0.7384,0.7418,0.7435,0.7519,0.7553,0.757,0.7603,0.762,0.7705,0.7722,0.7739,0.7755,0.7789,0.7874,0.789,0.7907,0.7924,0.7958,0.7958,0.8026,0.8059,0.8076,0.8093,0.8127,0.8194,0.8211,0.8228,0.8262,0.8279,0.8279,0.8363,0.838,0.8397,0.8414,0.8431,0.8448,0.8515,0.8532,0.8549,0.8566,0.86
region,E
Standard_Chart_x,0.1501,0.152,0.1538,0.1557,0.1576,0.1594,0.165,0.1668,0.1687,0.1705,0.1724,0.1742,0.1798,0.1816,0.1835,0.1854,0.1872,0.1891,0.1946,0.1965,0.2002,0.202,0.2039,0.2057,0.2076,0.2094,0.2113,0.2132,0.215,0.2169,0.2187,0.2206,0.2224,0.2243,0.2261,0.228,0.2298,0.2317,0.2335,0.2354,0.2372,0.2391,0.241,0.2428,0.2447,0.2465,0.2484,0.2502,0.2521,0.2539,0.2558,0.2576,0.2595,0.2613,0.2632,0.265,0.2669,0.2688,0.2706,0.2725,0.2743,0.2762,0.278,0.2799,0.2817,0.2836,0.2854,0.2873,0.2891,0.291,0.2929,0.2947,0.2966,0.2984,0.3003,0.3021,0.304,0.3058,0.3077,0.3095,0.3114,0.3132,0.3151,0.3169,0.3188,0.3207,0.3225,0.3244,0.3262,0.3281,0.3299,0.3318,0.3336,0.3355,0.3373,0.3392,0.341,0.3429,0.3447,0.3466,0.3485,0.3503,0.3522,0.354,0.3559,0.3577,0.3596,0.3614,0.3633,0.3651,0.367,0.3688,0.3707,0.3725,0.3744,0.3763,0.3781,0.38,0.3818,0.3837,0.3855,0.3874,0.3892,0.3911,0.3929,0.3948,0.3966,0.3985,0.4003,0.4022,0.4041,0.4059,0.4078,0.4096,0.4115,0.4133,0.4152,0.417,0.4189,0.4207,0.4226,0.4244,0.4263,0.4281,0.43,0.4319,0.4337,0.4356,0.4374,0.4393,0.4411,0.443,0.4448,0.4467,0.4485,0.4504,0.4522,0.4541,0.4559,0.4578,0.4597,0.4615,0.4634,0.4652,0.4671,0.4689,0.4708,0.4726,0.4745,0.4763,0.4782,0.48,0.4819,0.4837,0.4856,0.4875,0.4893,0.4912,0.493,0.4949,0.4967,0.4986,0.5004,0.5023,0.5041,0.506,0.5078,0.5097,0.5115,0.5134,0.5153,0.5171,0.519,0.5208,0.5227,0.5245,0.5264,0.5282,0.5301,0.5319,0.5338,0.5356,0.5375,0.5393,0.5412,0.5431,0.5449,0.5468,0.5486,0.5505,0.5523,0.5542,0.556,0.5579,0.5597,0.5616,0.5634,0.5653,0.5671,0.569,0.5709,0.5727,0.5746,0.5764,0.5783,0.5801,0.582,0.5838,0.5857,0.5875,0.5894,0.5912,0.5931,0.595,0.5968,0.5987,0.6005,0.6042,0.6061,0.6079,0.6098,0.6116,0.6172,0.619,0.6209,0.6228,0.6246,0.6265,0.6302,0.632,0.6339,0.6357,0.6376,0.6394,0.645,0.6468,0.6487,0.6506,0.6524,0.6543,0.6598,0.6617,0.6635,0.6654,0.6672,0.6728,0.6746,0.6765,0.6784,0.6802,0.6821,0.6858,0.6876,0.6895,0.6913,0.6932,0.695
Standard_Chart_y,0.07992,0.08329,0.08329,0.08498,0.08667,0.08667,0.09005,0.09174,0.09174,0.09343,0.09343,0.09511,0.09849,0.09849,0.1019,0.1036,0.1052,0.1052,0.1103,0.1103,0.1137,0.1154,0.1171,0.1188,0.1204,0.1221,0.1221,0.1238,0.1272,0.1272,0.1289,0.1306,0.1323,0.1339,0.1356,0.1356,0.1373,0.139,0.1407,0.1424,0.1441,0.1458,0.1475,0.1491,0.1525,0.1542,0.1559,0.1559,0.1593,0.161,0.1626,0.1643,0.166,0.1677,0.1694,0.1711,0.1745,0.1762,0.1778,0.1795,0.1829,0.1846,0.1846,0.1863,0.1897,0.1914,0.193,0.1947,0.1981,0.1998,0.2015,0.2049,0.2082,0.2099,0.2116,0.215,0.2167,0.2184,0.2201,0.2234,0.2268,0.2285,0.2319,0.2353,0.2369,0.2386,0.242,0.2437,0.2454,0.2471,0.2504,0.2538,0.2555,0.2589,0.2606,0.264,0.2656,0.2673,0.2707,0.2741,0.2758,0.2808,0.2842,0.2859,0.2893,0.291,0.2943,0.296,0.2994,0.3011,0.3062,0.3079,0.3095,0.3112,0.3129,0.3146,0.318,0.3214,0.323,0.3264,0.3281,0.3315,0.3349,0.3366,0.3382,0.3416,0.345,0.3484,0.3518,0.3534,0.3568,0.3585,0.3636,0.3653,0.3669,0.3703,0.372,0.3771,0.3788,0.3821,0.3838,0.3855,0.3889,0.3923,0.394,0.3956,0.399,0.4007,0.4041,0.4075,0.4092,0.4125,0.4159,0.4176,0.421,0.4244,0.426,0.4294,0.4311,0.4345,0.4379,0.4412,0.4429,0.4446,0.4497,0.4497,0.4547,0.4564,0.4598,0.4615,0.4649,0.4666,0.4699,0.4716,0.475,0.4767,0.4801,0.4818,0.4851,0.4885,0.4902,0.4936,0.497,0.4986,0.502,0.5037,0.5071,0.5105,0.5121,0.5155,0.5172,0.5189,0.524,0.5257,0.5273,0.5307,0.5324,0.5341,0.5375,0.5409,0.5425,0.5459,0.5476,0.5493,0.5527,0.5544,0.556,0.5594,0.5628,0.5645,0.5679,0.5712,0.5729,0.5746,0.578,0.5814,0.5831,0.5848,0.5881,0.5898,0.5915,0.5949,0.5966,0.5999,0.6016,0.6016,0.605,0.6067,0.6101,0.6118,0.6135,0.6168,0.6185,0.6202,0.6219,0.6253,0.627,0.6303,0.632,0.6354,0.6388,0.6405,0.6472,0.6489,0.6506,0.6523,0.654,0.654,0.6624,0.6624,0.6658,0.6658,0.6692,0.6709,0.6776,0.6776,0.6793,0.681,0.6844,0.6861,0.6928,0.6928,0.6962,0.6979,0.6979,0.7029,0.7063,0.708,0.7097,0.7097,0.7131,0.7181,0.7181,0.7198,0.7215,0.7232,0.7249
sheet,3LW 瞬間圧
condition,0.6,0.2,TRUE
brightness,0,1.3
brightness,1,1.1
brightness,2,0.9
brightness,3,0.7
brightness,4,0.5
brightness,5,0.3
brightness,6,0.1
line,0,-0.6343,91.9
line,1,-0.4771,75.8
line,2,-0.3314,61.0
line,3,-0.2943,46.7
region,A
Standard_Chart_x,0.151,0.153,0.155,0.1571,0.1591,0.1611,0.1652,0.1672,0.1693,0.1713,0.1733,0.1754,0.1794,0.1815,0.1835,0.1856,0.1876,0.1896,0.1937,0.1957,0.1978,0.1998,0.2018,0.2039,0.2059,0.2079,0.21,0.212,0.214,0.2161,0.2181,0.2201,0.2222,0.2242,0.2262,0.2283,0.2303,0.2323,0.2344,0.2364,0.2384,0.2405,0.2425,0.2445,0.2466,0.2486,0.2507,0.2527,0.2547,0.2568,0.2588,0.2608,0.2629,0.2649,0.2669,0.269,0.271,0.273,0.2751,0.2771,0.2791,0.2812,0.2832,0.2852,0.2873,0.2893,0.2913,0.2934,0.2954,0.2974,0.2995,0.3015,0.3035,0.3056,0.3076,0.3096,0.3117,0.3137,0.3158,0.3178,0.3198,0.3219,0.3239,0.3259,0.328,0.33,0.332,0.3341,0.3361,0.3381,0.3402,0.3422,0.3442,0.3463,0.3483,0.3503,0.3524,0.3544,0.3564,0.3585,0.3605,0.3625,0.3646,0.3666,0.3686,0.3707,0.3727,0.3747,0.3768,0.3788,0.3808,0.3829,0.3849,0.387,0.389,0.391,0.3931,0.3951,0.3971,0.3992,0.4012,0.4032,0.4053,0.4073,0.4093,0.4114,0.4134,0.4154,0.4175,0.4195,0.4215,0.4236,0.4256,0.4276,0.4297,0.4317,0.4337,0.4358,0.4378,0.4398,0.4419,0.4439,0.4459,0.448,0.45,0.4521,0.4541,0.4561,0.4582,0.4602,0.4622,0.4643,0.4663,0.4683,0.4704,0.4724,0.4744,0.4765,0.4785,0.4805,0.4826,0.4846,0.4866,0.4887,0.4907,0.4927,0.4948,0.4968,0.4988,0.5009,0.5029,0.5049,0.507,0.509,0.511,0.5131,0.5151,0.5172,0.5192,0.5212,0.5233,0.5253,0.5273,0.5294,0.5314,0.5334,0.5355,0.5375,0.5395,0.5416,0.5436,0.5456,0.5477,0.5497,0.5517,0.5538,0.5558,0.5578,0.5599,0.5619,0.5639,0.566,0.568,0.57,0.5721,0.5741,0.5761,0.5782,0.5802,0.5823,0.5843,0.5863,0.5884,0.5904,0.5924,0.5945,0.5965,0.5985,0.6006,0.6026,0.6046,0.6067,0.6087,0.6107,0.6148,0.6168,0.6189,0.6209,0.6229,0.625,0.629,0.6311,0.6331,0.6351,0.6412,0.6433,0.6453,0.6474,0.6514,0.6535,0.6555,0.6575,0.6596,0.6616,0.6657,0.6677,0.6697,0.6718,0.6738,0.6779,0.6799,0.6819,0.684,0.686,0.6901,0.6921,0.6941,0.6962,0.6982
Standard_Chart_y,0.1728,0.1728,0.1746,0.1764,0.1782,0.1799,0.1853,0.1871,0.1889,0.1907,0.1925,0.1925,0.1979,0.1997,0.2015,0.2033,0.2051,0.2069,0.2122,0.214,0.2158,0.2194,0.2194,0.223,0.2266,0.2284,0.2302,0.2302,0.2338,0.2355,0.2391,0.2409,0.2445,0.2463,0.2481,0.2499,0.2535,0.2535,0.2571,0.2624,0.2624,0.2678,0.2678,0.2714,0.275,0.2786,0.2804,0.2804,0.284,0.2876,0.2894,0.2911,0.2965,0.2965,0.3001,0.3055,0.3073,0.3091,0.3127,0.3163,0.318,0.3234,0.327,0.3306,0.3324,0.336,0.3378,0.3396,0.3467,0.3485,0.3521,0.3557,0.3575,0.3629,0.3665,0.3701,0.3719,0.3754,0.3808,0.3844,0.388,0.3916,0.3952,0.3988,0.4005,0.4041,0.4077,0.4113,0.4149,0.4185,0.4221,0.4275,0.4292,0.4346,0.4382,0.44,0.4436,0.4472,0.4544,0.4561,0.4615,0.4633,0.4687,0.4705,0.4759,0.4795,0.4813,0.4866,0.4902,0.4956,0.4974,0.5028,0.5064,0.51,0.5135,0.5189,0.5243,0.5279,0.5315,0.5351,0.5386,0.5422,0.5476,0.5512,0.5548,0.5602,0.5656,0.5673,0.5709,0.5763,0.5799,0.5835,0.5871,0.5925,0.596,0.6014,0.605,0.6104,0.614,0.6176,0.6211,0.6265,0.6283,0.6319,0.6373,0.6427,0.6463,0.6498,0.6552,0.6588,0.6624,0.666,0.6714,0.675,0.6803,0.6839,0.6893,0.6929,0.6983,0.7019,0.7054,0.709,0.7144,0.718,0.7234,0.7288,0.7323,0.7341,0.7395,0.7449,0.7485,0.7521,0.7575,0.761,0.7682,0.7718,0.7754,0.7808,0.7844,0.7879,0.7915,0.7969,0.7987,0.8041,0.8077,0.8131,0.8166,0.8202,0.8238,0.8274,0.831,0.8328,0.8382,0.8435,0.8471,0.8507,0.8543,0.8561,0.8615,0.8651,0.8687,0.8704,0.874,0.8776,0.883,0.8848,0.8902,0.892,0.8956,0.8991,0.9027,0.9045,0.9099,0.9135,0.9171,0.9189,0.9243,0.926,0.9296,0.935,0.9368,0.9404,0.944,0.9476,0.9565,0.9565,0.9619,0.9637,0.9637,0.9673,0.9763,0.9781,0.9834,0.9852,0.9942,0.9978,1.001,1.005,1.014,1.016,1.016,1.019,1.025,1.023,1.032,1.035,1.037,1.039,1.043,1.05,1.053,1.057,1.057,1.061,1.068,1.07,1.075,1.077,1.078
region,B
Standard_Chart_x,0.151,0.153,0.155,0.1591,0.1611,0.1632,0.1652,0.1672,0.1693,0.1733,0.1754,0.1774,0.1794,0.1815,0.1835,0.1876,0.1896,0.1917,0.1937,0.1957,0.1978,0.1998,0.2018,0.2039,0.2059,0.2079,0.21,0.212,0.214,0.2161,0.2181,0.2201,0.2222,0.2242,0.2262,0.2283,0.2303,0.2323,0.2344,0.2364,0.2384,0.2405,0.2425,0.2445,0.2466,0.2486,0.2507,0.2527,0.2547,0.2568,0.2588,0.2608,0.2629,0.2649,0.2669,0.269,0.271,0.273,0.2751,0.2771,0.2791,0.2812,0.2832,0.2852,0.2873,0.2893,0.2913,0.2934,0.2954,0.2974,0.2995,0.3015,0.3035,0.3056,0.3076,0.3096,0.3117,0.3137,0.3158,0.3178,0.3198,0.3219,0.3239,0.3259,0.328,0.33,0.332,0.3341,0.3361,0.3381,0.3402,0.3422,0.3442,0.3463,0.3483,0.3503,0.3524,0.3544,0.3564,0.3585,0.3605,0.3625,0.3646,0.3666,0.3686,0.3707,0.3727,0.3747,0.3768,0.3788,0.3808,0.3829,0.3849,0.387,0.389,0.391,0.3931,0.3951,0.3971,0.3992,0.4012,0.4032,0.4053,0.4073,0.4093,0.4114,0.4134,0.4154,0.4175,0.4195,0.4215,0.4236,0.4256,0.4276,0.4297,0.4317,0.4337,0.4358,0.4378,0.4398,0.4419,0.4439,0.4459,0.448,0.45,0.4521,0.4541,0.4561,0.4582,0.4602,0.4622,0.4643,0.4663,0.4683,0.4704,0.4724,0.4744,0.4765,0.4785,0.4805,0.4826,0.4846,0.4866,0.4887,0.4907,0.4927,0.4948,0.4968,0.4988,0.5009,0.5029,0.5049,0.507,0.509,0.511,0.5131,0.5151,0.5172,0.5192,0.5212,0.5233,0.5253,0.5273,0.5294,0.5314,0.5334,0.5355,0.5375,0.5395,0.5416,0.5436,0.5456,0.5477,0.5497,0.5517,0.5538,0.5558,0.5578,0.5599,0.5619,0.5639,0.566,0.568,0.57,0.5721,0.5741,0.5761,0.5782,0.5802,0.5823,0.5843,0.5863,0.5884,0.5904,0.5924,0.5945,0.5965,0.5985,0.6006,0.6046,0.6067,0.6087,0.6107,0.6128,0.6168,0.6189,0.6209,0.6229,0.625,0.629,0.6311,0.6331,0.6351,0.6372,0.6412,0.6433,0.6453,0.6474,0.6494,0.6535,0.6555,0.6575,0.6596,0.6616,0.6677,0.6697,0.6718,0.6738,0.6758,0.6799,0.6819,0.684,0.686,0.688,0.6921,0.6941,0.6962,0.6982
Standard_Chart_y,0.1495,0.1495,0.1495,0.1548,0.1566,0.1566,0.1584,0.1602,0.1602,0.1638,0.1656,0.1656,0.1692,0.171,0.1728,0.1782,0.1782,0.1799,0.1817,0.1835,0.1835,0.1871,0.1889,0.1907,0.1907,0.1943,0.1961,0.1961,0.1979,0.1997,0.2015,0.2033,0.2051,0.2086,0.2104,0.2104,0.2122,0.214,0.2176,0.2194,0.2194,0.223,0.2266,0.2284,0.2302,0.232,0.232,0.2338,0.2355,0.2391,0.2409,0.2445,0.2445,0.2481,0.2517,0.2535,0.2553,0.2571,0.2589,0.2624,0.2642,0.266,0.2696,0.2714,0.275,0.2768,0.2786,0.2804,0.2822,0.2858,0.2894,0.2894,0.2929,0.2947,0.2965,0.3001,0.3037,0.3073,0.3109,0.3127,0.3163,0.318,0.3198,0.3252,0.327,0.3306,0.3324,0.3342,0.3396,0.3414,0.3432,0.3467,0.3503,0.3557,0.3575,0.3611,0.3647,0.3665,0.3701,0.3754,0.3772,0.3808,0.3826,0.388,0.3916,0.3934,0.397,0.4005,0.4041,0.4077,0.4095,0.4131,0.4167,0.4203,0.4221,0.4275,0.431,0.4346,0.4382,0.4418,0.4454,0.449,0.4526,0.4561,0.4579,0.4615,0.4669,0.4705,0.4723,0.4759,0.4795,0.4813,0.4866,0.4902,0.4938,0.4992,0.501,0.5064,0.51,0.5135,0.5171,0.5207,0.5243,0.5279,0.5315,0.5351,0.5404,0.5422,0.5458,0.5494,0.553,0.5566,0.5602,0.5638,0.5673,0.5727,0.5763,0.5781,0.5835,0.5871,0.5925,0.5942,0.5978,0.6014,0.6068,0.6086,0.6122,0.6176,0.6211,0.6229,0.6283,0.6319,0.6355,0.6373,0.6445,0.6481,0.6498,0.6534,0.657,0.6624,0.666,0.6696,0.6732,0.675,0.6821,0.6857,0.6893,0.6911,0.6929,0.6983,0.7019,0.7054,0.709,0.7144,0.718,0.7216,0.7252,0.7288,0.7323,0.7359,0.7413,0.7431,0.7467,0.7521,0.7557,0.7592,0.7628,0.7646,0.7682,0.7718,0.7754,0.779,0.7826,0.7862,0.7879,0.7915,0.7933,0.7987,0.8005,0.8077,0.8095,0.8148,0.8166,0.8184,0.8256,0.8274,0.8292,0.8346,0.8364,0.8453,0.8453,0.8507,0.8507,0.8543,0.8633,0.8651,0.8669,0.8704,0.874,0.8812,0.883,0.8866,0.8884,0.892,0.8991,0.9009,0.9063,0.9081,0.9099,0.9189,0.9189,0.9225,0.926,0.9296,0.9368,0.9368,0.9422,0.944
region,C
Standard_Chart_x,0.153,0.155,0.1571,0.1591,0.1611,0.1632,0.1672,0.1693,0.1713,0.1733,0.1754,0.1774,0.1815,0.1835,0.1856,0.1876,0.1896,0.1917,0.1978,0.1998,0.2018,0.2039,0.2059,0.2079,0.21,0.212,0.214,0.2161,0.2181,0.2201,0.2222,0.2242,0.2262,0.2283,0.2303,0.2323,0.2344,0.2364,0.2384,0.2405,0.2425,0.2445,0.2466,0.2486,0.2507,0.2527,0.2547,0.2568,0.2588,0.2608,0.2629,0.2649,0.2669,0.269,0.271,0.273,0.2751,0.2771,0.2791,0.2812,0.2832,0.2852,0.2873,0.2893,0.2913,0.2934,0.2954,0.2974,0.2995,0.3015,0.3035,0.3056,0.3076,0.3096,0.3117,0.3137,0.3158,0.3178,0.3198,0.3219,0.3239,0.3259,0.328,0.33,0.332,0.3341,0.3361,0.3381,0.3402,0.3422,0.3442,0.3463,0.3483,0.3503,0.3524,0.3544,0.3564,0.3585,0.3605,0.3625,0.3646,0.3666,0.3686,0.3707,0.3727,0.3747,0.3768,0.3788,0.3808,0.3829,0.3849,0.387,0.389,0.391,0.3931,0.3951,0.3971,0.3992,0.4012,0.4032,0.4053,0.4073,0.4093,0.4114,0.4134,0.4154,0.4175,0.4195,0.4215,0.4236,0.4256,0.4276,0.4297,0.4317,0.4337,0.4358,0.4378,0.4398,0.4419,0.4439,0.4459,0.448,0.45,0.4521,0.4541,0.4561,0.4582,0.4602,0.4622,0.4643,0.4663,0.4683,0.4704,0.4724,0.4744,0.4765,0.4785,0.4805,0.4826,0.4846,0.4866,0.4887,0.4907,0.4927,0.4948,0.4968,0.4988,0.5009,0.5029,0.5049,0.507,0.509,0.511,0.5131,0.5151,0.5172,0.5192,0.5212,0.5233,0.5253,0.5273,0.5294,0.5314,0.5334,0.5355,0.5375,0.5395,0.5416,0.5436,0.5456,0.5477,0.5497,0.5517,0.5538,0.5558,0.5578,0.5599,0.5619,0.5639,0.566,0.568,0.57,0.5721,0.5741,0.5761,0.5782,0.5802,0.5823,0.5843,0.5863,0.5884,0.5904,0.5924,0.5945,0.5965,0.5985,0.6006,0.6026,0.6046,0.6067,0.6087,0.6107,0.6128,0.6168,0.6189,0.6209,0.6229,0.625,0.627,0.629,0.6311,0.6331,0.6351,0.6372,0.6392,0.6433,0.6453,0.6474,0.6494,0.6514,0.6555,0.6575,0.6596,0.6616,0.6636,0.6657,0.6697,0.6718,0.6738,0.6758,0.6779,0.6819,0.684,0.686,0.688,0.6901,0.6921,0.6962,0.6982
Standard_Chart_y,0.1315,0.1315,0.1315,0.1351,0.1369,0.1369,0.1405,0.1405,0.1405,0.1423,0.1441,0.1459,0.1495,0.1495,0.1513,0.153,0.153,0.1566,0.1602,0.1602,0.1638,0.1638,0.1674,0.1674,0.1692,0.1692,0.171,0.1728,0.1764,0.1764,0.1782,0.1799,0.1817,0.1817,0.1853,0.1853,0.1871,0.1907,0.1907,0.1925,0.1943,0.1961,0.1979,0.2015,0.2033,0.2015,0.2051,0.2069,0.2086,0.2104,0.2122,0.214,0.2158,0.2176,0.2176,0.2212,0.223,0.2248,0.2266,0.2284,0.2302,0.2338,0.2355,0.2373,0.2391,0.2409,0.2445,0.2463,0.2481,0.2499,0.2535,0.2535,0.2589,0.2589,0.2624,0.266,0.2678,0.2714,0.2732,0.275,0.2804,0.2822,0.284,0.2876,0.2894,0.2929,0.2947,0.2965,0.3001,0.3019,0.3073,0.3091,0.3127,0.3127,0.3163,0.3216,0.3234,0.327,0.3306,0.3306,0.336,0.3396,0.3414,0.3432,0.3467,0.3485,0.3521,0.3539,0.3593,0.3593,0.3629,0.3665,0.3683,0.3719,0.3772,0.3772,0.3826,0.3844,0.388,0.3916,0.3934,0.3952,0.397,0.4005,0.4059,0.4077,0.4095,0.4113,0.4167,0.4167,0.4221,0.4239,0.4257,0.431,0.4346,0.4382,0.4382,0.4436,0.4454,0.449,0.4508,0.4544,0.4561,0.4615,0.4615,0.4633,0.4687,0.4705,0.4723,0.4777,0.4795,0.4813,0.4848,0.4902,0.4902,0.4956,0.4992,0.4992,0.5046,0.5082,0.51,0.5117,0.5171,0.5189,0.5225,0.5243,0.5279,0.5297,0.5333,0.5369,0.5386,0.5422,0.5458,0.5494,0.5494,0.5548,0.5584,0.5584,0.5638,0.5673,0.5691,0.5709,0.5763,0.5763,0.5799,0.5835,0.5871,0.5871,0.5907,0.5942,0.596,0.6014,0.6032,0.605,0.6086,0.6104,0.614,0.6176,0.6211,0.6229,0.6265,0.6301,0.6301,0.6355,0.6373,0.6391,0.6427,0.6463,0.6481,0.6481,0.6516,0.657,0.657,0.6624,0.6624,0.6678,0.6696,0.6732,0.675,0.6767,0.6785,0.6839,0.6821,0.6911,0.6911,0.6947,0.6983,0.7001,0.7001,0.7054,0.709,0.709,0.7126,0.7144,0.7162,0.7234,0.7252,0.727,0.7306,0.7341,0.7413,0.7395,0.7431,0.7431,0.7467,0.7485,0.7557,0.7592,0.761,0.7646,0.7664,0.7718,0.7736,0.7754,0.779,0.7826,0.7808,0.7897,0.7915
region,D
Standard_Chart_x,0.1591,0.1611,0.1632,0.1652,0.1672,0.1733,0.1754,0.1774,0.1794,0.1815,0.1835,0.1876,0.1896,0.1917,0.1937,0.1957,0.1978,0.1998,0.2018,0.2039,0.2059,0.2079,0.21,0.212,0.214,0.2161,0.2181,0.2201,0.2222,0.2242,0.2262,0.2283,0.2303,0.2323,0.2344,0.2364,0.2384,0.2405,0.2425,0.2445,0.2466,0.2486,0.2507,0.2527,0.2547,0.2568,0.2588,0.2608,0.2629,0.2649,0.2669,0.269,0.271,0.273,0.2751,0.2771,0.2791,0.2812,0.2832,0.2852,0.2873,0.2893,0.2913,0.2934,0.2954,0.2974,0.2995,0.3015,0.3035,0.3056,0.3076,0.3096,0.3117,0.3137,0.3158,0.3178,0.3198,0.3219,0.3239,0.3259,0.328,0.33,0.332,0.3341,0.3361,0.3381,0.3402,0.3422,0.3442,0.3463,0.3483,0.3503,0.3524,0.3544,0.3564,0.3585,0.3605,0.3625,0.3646,0.3666,0.3686,0.3707,0.3727,0.3747,0.3768,0.3788,0.3808,0.3829,0.3849,0.387,0.389,0.391,0.3931,0.3951,0.3971,0.3992,0.4012,0.4032,0.4053,0.4073,0.4093,0.4114,0.4134,0.4154,0.4175,0.4195,0.4215,0.4236,0.4256,0.4276,0.4297,0.4317,0.4337,0.4358,0.4378,0.4398,0.4419,0.4439,0.4459,0.448,0.45,0.4521,0.4541,0.4561,0.4582,0.4602,0.4622,0.4643,0.4663,0.4683,0.4704,0.4724,0.4744,0.4765,0.4785,0.4805,0.4826,0.4846,0.4866,0.4887,0.4907,0.4927,0.4948,0.4968,0.4988,0.5009,0.5029,0.5049,0.507,0.509,0.511,0.5131,0.5151,0.5172,0.5192,0.5212,0.5233,0.5253,0.5273,0.5294,0.5314,0.5334,0.5355,0.5375,0.5395,0.5416,0.5436,0.5456,0.5477,0.5497,0.5517,0.5538,0.5558,0.5578,0.5599,0.5619,0.5639,0.566,0.568,0.57,0.5721,0.5741,0.5761,0.5782,0.5802,0.5823,0.5843,0.5863,0.5884,0.5904,0.5924,0.5945,0.5965,0.5985,0.6006,0.6046,0.6067,0.6107,0.6128,0.6148,0.6168,0.6189,0.6209,0.625,0.627,0.629,0.6311,0.6331,0.6392,0.6412,0.6433,0.6453,0.6474,0.6514,0.6535,0.6555,0.6575,0.6596,0.6616,0.6657,0.6677,0.6697,0.6718,0.6738,0.6799,0.6819,0.684,0.686,0.688,0.6921,0.6941,0.6962,0.6982
Standard_Chart_y,0.1172,0.119,0.1208,0.1208,0.1226,0.1261,0.1261,0.1261,0.1297,0.1297,0.1297,0.1351,0.1351,0.1369,0.1369,0.1387,0.1387,0.1423,0.1423,0.1441,0.1459,0.1477,0.1495,0.1477,0.1495,0.1513,0.153,0.1548,0.1566,0.1584,0.1602,0.1602,0.1638,0.1638,0.1656,0.1674,0.1692,0.1692,0.1728,0.1746,0.1746,0.1782,0.1782,0.1782,0.1817,0.1817,0.1835,0.1871,0.1871,0.1907,0.1925,0.1925,0.1943,0.1961,0.1997,0.1997,0.1997,0.2033,0.2051,0.2069,0.2069,0.2104,0.2104,0.2122,0.214,0.2158,0.2176,0.2194,0.2212,0.223,0.2248,0.2266,0.2284,0.2284,0.2338,0.2355,0.2373,0.2391,0.2409,0.2409,0.2445,0.2463,0.2481,0.2499,0.2517,0.2535,0.2553,0.2571,0.2607,0.2624,0.2642,0.266,0.2678,0.2714,0.2732,0.275,0.275,0.2786,0.2804,0.284,0.284,0.2876,0.2894,0.2911,0.2929,0.2947,0.2965,0.2983,0.3019,0.3019,0.3037,0.3073,0.3091,0.3127,0.3145,0.318,0.318,0.3216,0.3252,0.327,0.3288,0.3306,0.3342,0.336,0.336,0.3414,0.3432,0.3432,0.3485,0.3503,0.3521,0.3557,0.3539,0.3593,0.3629,0.3629,0.3665,0.3683,0.3719,0.3736,0.3754,0.3772,0.3826,0.3826,0.3844,0.388,0.388,0.3934,0.3952,0.397,0.3988,0.4023,0.4041,0.4077,0.4095,0.4131,0.4149,0.4185,0.4203,0.4221,0.4257,0.4275,0.431,0.4292,0.4346,0.4382,0.44,0.4418,0.4436,0.4472,0.449,0.4526,0.4526,0.4579,0.4597,0.4633,0.4651,0.4669,0.4705,0.4705,0.4759,0.4795,0.4795,0.483,0.483,0.4884,0.4902,0.4902,0.4938,0.4992,0.4992,0.5028,0.5064,0.51,0.5117,0.5153,0.5153,0.5189,0.5225,0.5243,0.5261,0.5297,0.5315,0.5333,0.5351,0.5404,0.5404,0.544,0.5494,0.5494,0.553,0.5566,0.5566,0.5602,0.562,0.5673,0.5709,0.5763,0.5781,0.5817,0.5835,0.5853,0.5853,0.5925,0.5942,0.5978,0.5996,0.6014,0.6086,0.6122,0.614,0.6158,0.6176,0.6247,0.6265,0.6283,0.6283,0.6319,0.6337,0.6391,0.6409,0.6445,0.6463,0.6481,0.6552,0.6588,0.6588,0.6624,0.6642,0.6714,0.6714,0.6732,0.675
region,E
Standard_Chart_x,0.153,0.155,0.1571,0.1591,0.1611,0.1632,0.1672,0.1693,0.1713,0.1733,0.1754,0.1774,0.1835,0.1856,0.1876,0.1896,0.1917,0.1937,0.1998,0.2018,0.2039,0.2059,0.2079,0.21,0.212,0.214,0.2161,0.2181,0.2201,0.2222,0.2242,0.2262,0.2283,0.2303,0.2323,0.2344,0.2364,0.2384,0.2405,0.2425,0.2445,0.2466,0.2486,0.2507,0.2527,0.2547,0.2568,0.2588,0.2608,0.2629,0.2649,0.2669,0.269,0.271,0.273,0.2751,0.2771,0.2791,0.2812,0.2832,0.2852,0.2873,0.2893,0.2913,0.2934,0.2954,0.2974,0.2995,0.3015,0.3035,0.3056,0.3076,0.3096,0.3117,0.3137,0.3158,0.3178,0.3198,0.3219,0.3239,0.3259,0.328,0.33,0.332,0.3341,0.3361,0.3381,0.3402,0.3422,0.3442,0.3463,0.3483,0.3503,0.3524,0.3544,0.3564,0.3585,0.3605,0.3625,0.3646,0.3666,0.3686,0.3707,0.3727,0.3747,0.3768,0.3788,0.3808,0.3829,0.3849,0.387,0.389,0.391,0.3931,0.3951,0.3971,0.3992,0.4012,0.4032,0.4053,0.4073,0.4093,0.4114,0.4134,0.4154,0.4175,0.4195,0.4215,0.4236,0.4256,0.4276,0.4297,0.4317,0.4337,0.4358,0.4378,0.4398,0.4419,0.4439,0.4459,0.448,0.45,0.4521,0.4541,0.4561,0.4582,0.4602,0.4622,0.4643,0.4663,0.4683,0.4704,0.4724,0.4744,0.4765,0.4785,0.4805,0.4826,0.4846,0.4866,0.4887,0.4907,0.4927,0.4948,0.4968,0.4988,0.5009,0.5029,0.5049,0.507,0.509,0.511,0.5131,0.5151,0.5172,0.5192,0.5212,0.5233,0.5253,0.5273,0.5294,0.5314,0.5334,0.5355,0.5375,0.5395,0.5416,0.5436,0.5456,0.5477,0.5497,0.5517,0.5538,0.5558,0.5578,0.5599,0.5619,0.5639,0.566,0.568,0.57,0.5721,0.5741,0.5761,0.5782,0.5802,0.5823,0.5843,0.5863,0.5884,0.5904,0.5924,0.5945,0.5965,0.5985,0.6006,0.6046,0.6067,0.6087,0.6107,0.6128,0.6168,0.6189,0.6209,0.6229,0.625,0.627,0.6311,0.6331,0.6351,0.6372,0.6392,0.6412,0.6453,0.6474,0.6494,0.6514,0.6535,0.6555,0.6596,0.6616,0.6636,0.6657,0.6677,0.6697,0.6738,0.6758,0.6779,0.6799,0.6819,0.684,0.688,0.6901,0.6921,0.6941,0.6962,0.6982
Standard_Chart_y,0.1046,0.1046,0.1064,0.1082,0.1082,0.1082,0.1118,0.1118,0.11,0.1136,0.1118,0.1136,0.1172,0.1172,0.119,0.119,0.1208,0.1208,0.1261,0.1261,0.1261,0.1279,0.1297,0.1297,0.1297,0.1297,0.1315,0.1333,0.1333,0.1351,0.1351,0.1369,0.1369,0.1387,0.1405,0.1405,0.1423,0.1441,0.1441,0.1459,0.1477,0.1477,0.1495,0.1513,0.1495,0.1513,0.1548,0.1548,0.1566,0.1566,0.1584,0.1602,0.1602,0.1638,0.1638,0.1656,0.1674,0.1674,0.1692,0.171,0.171,0.1746,0.1746,0.1746,0.1764,0.1782,0.1799,0.1817,0.1835,0.1835,0.1853,0.1871,0.1889,0.1889,0.1907,0.1943,0.1961,0.1961,0.1979,0.1997,0.1997,0.2015,0.2051,0.2051,0.2069,0.2086,0.2104,0.2104,0.214,0.2158,0.2158,0.2194,0.2194,0.2212,0.2248,0.2266,0.2266,0.2284,0.232,0.232,0.2338,0.2373,0.2391,0.2391,0.2409,0.2427,0.2463,0.2481,0.2499,0.2499,0.2535,0.2553,0.2571,0.2607,0.2589,0.2624,0.2642,0.266,0.2678,0.2714,0.2732,0.275,0.2768,0.2786,0.2786,0.2804,0.284,0.2858,0.2876,0.2894,0.2911,0.2929,0.2965,0.2983,0.3001,0.3019,0.3019,0.3037,0.3055,0.3091,0.3109,0.3127,0.3145,0.318,0.318,0.3216,0.3216,0.3234,0.327,0.3306,0.3306,0.3324,0.3342,0.336,0.3396,0.3414,0.3432,0.345,0.3467,0.3503,0.3521,0.3539,0.3575,0.3593,0.3611,0.3629,0.3647,0.3665,0.3683,0.3701,0.3719,0.3736,0.3772,0.3772,0.379,0.3826,0.3844,0.3862,0.388,0.3916,0.3934,0.3934,0.397,0.3988,0.4005,0.4023,0.4041,0.4059,0.4095,0.4113,0.4131,0.4149,0.4167,0.4185,0.4221,0.4239,0.4275,0.4292,0.431,0.4328,0.4364,0.4382,0.44,0.4418,0.4436,0.4436,0.4472,0.449,0.4508,0.4544,0.4561,0.4579,0.4597,0.4615,0.4615,0.4633,0.4687,0.4705,0.4723,0.4759,0.4759,0.483,0.4813,0.4848,0.4884,0.4884,0.4902,0.4956,0.4974,0.4992,0.501,0.5046,0.5046,0.51,0.5117,0.5135,0.5153,0.5171,0.5189,0.5225,0.5243,0.5261,0.5297,0.5315,0.5315,0.5386,0.5386,0.5422,0.544,0.5458,0.5458,0.5512,0.553,0.5548,0.5566,0.5584,0.5602
sheet,4LW 持続圧
condition,0.2,0.05,TRUE
brightness,0,1.0
brightness,1,0.8
brightness,2,0.6
brightness,3,0.4
brightness,4,0.2
brightness,5,0.1
line,0,-0.2,77.0
line,1,-0.2,67.0
line,2,-0.2057,60.0
line,3,-0.2,44.0
region,A
Standard_Chart_x,0.0406,0.04178,0.04295,0.04413,0.04648,0.04765,0.05117,0.05235,0.05352,0.0547,0.05587,0.05705,0.05822,0.0594,0.06057,0.06174,0.06292,0.06409,0.06527,0.06644,0.06762,0.06879,0.06997,0.07114,0.07231,0.07349,0.07466,0.07584,0.07701,0.07819,0.07936,0.08054,0.08171,0.08288,0.08406,0.08523,0.08641,0.08758,0.08876,0.08993,0.09111,0.09228,0.09345,0.09463,0.0958,0.09698,0.09815,0.09933,0.1005,0.1017,0.1028,0.104,0.1052,0.1064,0.1075,0.1087,0.1099,0.1111,0.1122,0.1134,0.1146,0.1158,0.1169,0.1181,0.1193,0.1205,0.1216,0.1228,0.124,0.1252,0.1263,0.1275,0.1287,0.1299,0.131,0.1322,0.1334,0.1346,0.1357,0.1369,0.1381,0.1393,0.1404,0.1416,0.1428,0.144,0.1451,0.1463,0.1475,0.1487,0.1498,0.151,0.1522,0.1534,0.1545,0.1557,0.1569,0.158,0.1592,0.1604,0.1616,0.1627,0.1639,0.1651,0.1663,0.1674,0.1686,0.1698,0.171,0.1721,0.1733,0.1745,0.1757,0.1768,0.178,0.1792,0.1804,0.1815,0.1827,0.1839,0.1851,0.1862,0.1874,0.1886,0.1898,0.1909,0.1921,0.1933,0.1945,0.1956,0.1968,0.198,0.1992,0.2003,0.2015,0.2027,0.2039,0.205,0.2062,0.2074,0.2085,0.2109,0.2121,0.2132,0.2156,0.2168,0.2179,0.2203
Standard_Chart_y,0.09484,0.09779,0.09779,0.1007,0.1066,0.1096,0.1184,0.1214,0.1244,0.1303,0.1303,0.1332,0.1391,0.1421,0.145,0.1509,0.1539,0.1598,0.1627,0.1657,0.1716,0.1745,0.1804,0.1863,0.1893,0.1952,0.1981,0.204,0.207,0.2129,0.2158,0.2217,0.2277,0.2336,0.2395,0.2424,0.2513,0.2542,0.2601,0.266,0.2749,0.2778,0.2867,0.2926,0.3014,0.3073,0.3132,0.3221,0.325,0.3309,0.3398,0.3487,0.3575,0.3634,0.3693,0.3782,0.3841,0.39,0.4018,0.4077,0.4136,0.4254,0.4313,0.4431,0.449,0.4549,0.4667,0.4726,0.4815,0.4962,0.5021,0.5169,0.5228,0.5316,0.5464,0.5553,0.5612,0.5759,0.5818,0.5966,0.6054,0.6143,0.629,0.6379,0.6438,0.6586,0.6645,0.6792,0.691,0.6999,0.7117,0.7235,0.7294,0.7441,0.75,0.7619,0.7766,0.7855,0.8032,0.812,0.8209,0.8327,0.8386,0.8474,0.8622,0.8681,0.877,0.8858,0.8947,0.9065,0.9124,0.9183,0.9301,0.933,0.9419,0.9507,0.9566,0.9655,0.9714,0.9773,0.9862,0.9921,0.998,1.007,1.01,1.019,1.025,1.03,1.036,1.042,1.045,1.054,1.057,1.066,1.078,1.078,1.089,1.089,1.101,1.107,1.11,1.125,1.131,1.137,1.146,1.154,1.157,1.172
region,B
Standard_Chart_x,0.0406,0.04178,0.04295,0.04413,0.04648,0.04765,0.04883,0.05117,0.05235,0.05352,0.0547,0.05587,0.05705,0.05822,0.0594,0.06057,0.06174,0.06292,0.06409,0.06527,0.06644,0.06762,0.06879,0.06997,0.07114,0.07231,0.07349,0.07466,0.07584,0.07701,0.07819,0.07936,0.08054,0.08171,0.08288,0.08406,0.08523,0.08641,0.08758,0.08876,0.08993,0.09111,0.09228,0.09345,0.09463,0.0958,0.09698,0.09815,0.09933,0.1005,0.1017,0.1028,0.104,0.1052,0.1064,0.1075,0.1087,0.1099,0.1111,0.1122,0.1134,0.1146,0.1158,0.1169,0.1181,0.1193,0.1205,0.1216,0.1228,0.124,0.1252,0.1263,0.1275,0.1287,0.1299,0.131,0.1322,0.1334,0.1346,0.1357,0.1369,0.1381,0.1393,0.1404,0.1416,0.1428,0.144,0.1451,0.1463,0.1475,0.1487,0.1498,0.151,0.1522,0.1534,0.1545,0.1557,0.1569,0.158,0.1592,0.1604,0.1616,0.1627,0.1639,0.1651,0.1663,0.1674,0.1686,0.1698,0.171,0.1721,0.1733,0.1745,0.1757,0.1768,0.178,0.1792,0.1804,0.1815,0.1827,0.1839,0.1851,0.1862,0.1874,0.1886,0.1898,0.1909,0.1921,0.1933,0.1945,0.1956,0.1968,0.198,0.1992,0.2003,0.2015,0.2027,0.2039,0.205,0.2074,0.2085,0.2097,0.2121,0.2132,0.2144,0.2168,0.2179,0.2191
Standard_Chart_y,0.09484,0.09779,0.1007,0.09779,0.1066,0.1066,0.1096,0.1184,0.1184,0.1214,0.1273,0.1303,0.1332,0.1391,0.1391,0.145,0.148,0.1539,0.1568,0.1568,0.1657,0.1686,0.1716,0.1775,0.1804,0.1834,0.1893,0.1952,0.1952,0.204,0.207,0.2129,0.2188,0.2188,0.2277,0.2306,0.2365,0.2424,0.2454,0.2513,0.2572,0.2631,0.269,0.2749,0.2778,0.2867,0.2896,0.2955,0.3014,0.3044,0.3103,0.3191,0.325,0.3339,0.3369,0.3398,0.3487,0.3546,0.3605,0.3693,0.3723,0.3811,0.39,0.3959,0.4047,0.4106,0.4165,0.4254,0.4342,0.4372,0.449,0.4579,0.4667,0.4726,0.4815,0.4933,0.4992,0.5051,0.5169,0.5228,0.5346,0.5405,0.5464,0.5582,0.5641,0.573,0.5818,0.5907,0.5966,0.6084,0.6172,0.6261,0.6349,0.6408,0.6527,0.6586,0.6645,0.6792,0.6851,0.6969,0.7058,0.7117,0.7205,0.7264,0.7353,0.7441,0.75,0.7589,0.7678,0.7737,0.7825,0.7884,0.7914,0.8032,0.8091,0.812,0.8209,0.8238,0.8356,0.8386,0.8445,0.8504,0.8533,0.8563,0.8652,0.8681,0.877,0.8799,0.8829,0.8888,0.8947,0.8976,0.9065,0.9094,0.9124,0.9183,0.9212,0.9301,0.933,0.9448,0.9478,0.9507,0.9625,0.9714,0.9744,0.9862,0.9921,0.995
region,C
Standard_Chart_x,0.0406,0.04178,0.04295,0.04413,0.04648,0.04765,0.04883,0.05117,0.05235,0.05352,0.0547,0.05587,0.05705,0.05822,0.0594,0.06057,0.06174,0.06292,0.06409,0.06527,0.06644,0.06762,0.06879,0.06997,0.07114,0.07231,0.07349,0.07466,0.07584,0.07701,0.07819,0.07936,0.08054,0.08171,0.08288,0.08406,0.08523,0.08641,0.08758,0.08876,0.08993,0.09111,0.09228,0.09345,0.09463,0.0958,0.09698,0.09815,0.09933,0.1005,0.1017,0.1028,0.104,0.1052,0.1064,0.1075,0.1087,0.1099,0.1111,0.1122,0.1134,0.1146,0.1158,0.1169,0.1181,0.1193,0.1205,0.1216,0.1228,0.124,0.1252,0.1263,0.1275,0.1287,0.1299,0.131,0.1322,0.1334,0.1346,0.1357,0.1369,0.1381,0.1393,0.1404,0.1416,0.1428,0.144,0.1451,0.1463,0.1475,0.1487,0.1498,0.151,0.1522,0.1534,0.1545,0.1557,0.1569,0.158,0.1592,0.1604,0.1616,0.1627,0.1639,0.1651,0.1663,0.1674,0.1686,0.1698,0.171,0.1721,0.1733,0.1745,0.1757,0.1768,0.178,0.1792,0.1804,0.1815,0.1827,0.1839,0.1851,0.1862,0.1874,0.1886,0.1898,0.1909,0.1921,0.1933,0.1945,0.1956,0.1968,0.198,0.1992,0.2003,0.2027,0.2039,0.205,0.2074,0.2085,0.2097,0.2109,0.2132,0.2144,0.2156,0.2168,0.2191,0.2203
Standard_Chart_y,0.09484,0.09779,0.1007,0.09779,0.1066,0.1066,0.1096,0.1184,0.1214,0.1214,0.1273,0.1303,0.1303,0.1391,0.1391,0.145,0.148,0.1509,0.1568,0.1568,0.1627,0.1686,0.1686,0.1775,0.1804,0.1804,0.1893,0.1893,0.1922,0.2011,0.204,0.207,0.2158,0.2158,0.2217,0.2247,0.2277,0.2336,0.2395,0.2395,0.2483,0.2513,0.2542,0.2631,0.266,0.269,0.2719,0.2778,0.2837,0.2867,0.2926,0.2985,0.3014,0.3103,0.3132,0.3162,0.3221,0.328,0.3309,0.3398,0.3398,0.3457,0.3546,0.3605,0.3664,0.3723,0.3752,0.3811,0.3841,0.39,0.3988,0.4018,0.4106,0.4165,0.4195,0.4283,0.4313,0.4372,0.4461,0.449,0.4579,0.4638,0.4667,0.4756,0.4815,0.4844,0.4962,0.4992,0.5051,0.5139,0.5169,0.5287,0.5316,0.5346,0.5464,0.5494,0.5553,0.5641,0.57,0.5759,0.5818,0.5907,0.5966,0.6025,0.6054,0.6113,0.6172,0.6231,0.629,0.632,0.6408,0.6438,0.6497,0.6556,0.6556,0.6615,0.6674,0.6733,0.6763,0.6822,0.6851,0.6881,0.691,0.694,0.6999,0.7028,0.7087,0.7117,0.7117,0.7205,0.7205,0.7264,0.7294,0.7294,0.7353,0.7441,0.7471,0.7471,0.7589,0.7589,0.7619,0.7678,0.7766,0.7796,0.7796,0.7825,0.7884,0.7943
region,D
Standard_Chart_x,0.0406,0.04178,0.04295,0.04413,0.04648,0.04765,0.04883,0.05117,0.05235,0.05352,0.0547,0.05587,0.05705,0.05822,0.0594,0.06057,0.06174,0.06292,0.06409,0.06527,0.06644,0.06762,0.06879,0.06997,0.07114,0.07231,0.07349,0.07466,0.07584,0.07701,0.07819,0.07936,0.08054,0.08171,0.08288,0.08406,0.08523,0.08641,0.08758,0.08876,0.08993,0.09111,0.09228,0.09345,0.09463,0.0958,0.09698,0.09815,0.09933,0.1005,0.1017,0.1028,0.104,0.1052,0.1064,0.1075,0.1087,0.1099,0.1111,0.1122,0.1134,0.1146,0.1158,0.1169,0.1181,0.1193,0.1205,0.1216,0.1228,0.124,0.1252,0.1263,0.1275,0.1287,0.1299,0.131,0.1322,0.1334,0.1346,0.1357,0.1369,0.1381,0.1393,0.1404,0.1416,0.1428,0.144,0.1451,0.1463,0.1475,0.1487,0.1498,0.151,0.1522,0.1534,0.1545,0.1557,0.1569,0.158,0.1592,0.1604,0.1616,0.1627,0.1639,0.1651,0.1663,0.1674,0.1686,0.1698,0.171,0.1721,0.1733,0.1745,0.1757,0.1768,0.178,0.1792,0.1804,0.1815,0.1827,0.1839,0.1851,0.1862,0.1874,0.1886,0.1898,0.1909,0.1921,0.1933,0.1945,0.1956,0.1968,0.198,0.1992,0.2003,0.2027,0.2039,0.205,0.2062,0.2085,0.2097,0.2109,0.2121,0.2144,0.2156,0.2168,0.2179,0.2203
Standard_Chart_y,0.09484,0.09779,0.1007,0.09779,0.1066,0.1066,0.1096,0.1184,0.1214,0.1214,0.1273,0.1303,0.1303,0.1362,0.1362,0.1421,0.145,0.148,0.1539,0.1539,0.1598,0.1657,0.1657,0.1686,0.1745,0.1775,0.1834,0.1834,0.1893,0.1952,0.1952,0.2011,0.207,0.207,0.2158,0.2158,0.2188,0.2277,0.2277,0.2336,0.2395,0.2395,0.2454,0.2513,0.2542,0.2572,0.2601,0.266,0.269,0.2719,0.2749,0.2808,0.2837,0.2896,0.2955,0.2955,0.3044,0.3044,0.3073,0.3162,0.3162,0.3221,0.328,0.328,0.3369,0.3398,0.3428,0.3487,0.3516,0.3575,0.3634,0.3634,0.3723,0.3752,0.3782,0.3841,0.39,0.3929,0.3988,0.4018,0.4106,0.4106,0.4136,0.4224,0.4254,0.4283,0.4342,0.4372,0.4402,0.4461,0.449,0.4579,0.4608,0.4608,0.4697,0.4726,0.4756,0.4815,0.4844,0.4933,0.4962,0.4992,0.5051,0.508,0.511,0.5169,0.5198,0.5257,0.5287,0.5316,0.5375,0.5405,0.5434,0.5494,0.5494,0.5523,0.5582,0.5612,0.5671,0.5671,0.57,0.5759,0.5759,0.5789,0.5848,0.5848,0.5907,0.5936,0.5936,0.5995,0.5995,0.6025,0.6084,0.6084,0.6113,0.6202,0.6231,0.6261,0.6261,0.632,0.6349,0.6379,0.6379,0.6467,0.6467,0.6497,0.6497,0.6556
region,E
Standard_Chart_x,0.0406,0.04178,0.04295,0.04413,0.04648,0.04765,0.04883,0.05117,0.05235,0.05352,0.0547,0.05587,0.05705,0.05822,0.0594,0.06057,0.06174,0.06292,0.06409,0.06527,0.06644,0.06762,0.06879,0.06997,0.07114,0.07231,0.07349,0.07466,0.07584,0.07701,0.07819,0.07936,0.08054,0.08171,0.08288,0.08406,0.08523,0.08641,0.08758,0.08876,0.08993,0.09111,0.09228,0.09345,0.09463,0.0958,0.09698,0.09815,0.09933,0.1005,0.1017,0.1028,0.104,0.1052,0.1064,0.1075,0.1087,0.1099,0.1111,0.1122,0.1134,0.1146,0.1158,0.1169,0.1181,0.1193,0.1205,0.1216,0.1228,0.124,0.1252,0.1263,0.1275,0.1287,0.1299,0.131,0.1322,0.1334,0.1346,0.1357,0.1369,0.1381,0.1393,0.1404,0.1416,0.1428,0.144,0.1451,0.1463,0.1475,0.1487,0.1498,0.151,0.1522,0.1534,0.1545,0.1557,0.1569,0.158,0.1592,0.1604,0.1616,0.1627,0.1639,0.1651,0.1663,0.1674,0.1686,0.1698,0.171,0.1721,0.1733,0.1745,0.1757,0.1768,0.178,0.1792,0.1804,0.1815,0.1827,0.1839,0.1851,0.1862,0.1874,0.1886,0.1898,0.1909,0.1921,0.1933,0.1945,0.1956,0.1968,0.198,0.1992,0.2003,0.2015,0.2027,0.2039,0.205,0.2074,0.2085,0.2097,0.2109,0.2121,0.2144,0.2156,0.2168,0.2179,0.2203
Standard_Chart_y,0.09484,0.09779,0.1007,0.09779,0.1066,0.1066,0.1096,0.1184,0.1214,0.1214,0.1273,0.1303,0.1303,0.1362,0.1391,0.1421,0.145,0.145,0.1509,0.1539,0.1568,0.1627,0.1657,0.1686,0.1745,0.1775,0.1834,0.1863,0.1893,0.1952,0.1981,0.2011,0.207,0.207,0.2158,0.2158,0.2188,0.2217,0.2277,0.2306,0.2336,0.2365,0.2395,0.2454,0.2483,0.2513,0.2572,0.2601,0.2631,0.266,0.269,0.2719,0.2749,0.2808,0.2837,0.2837,0.2896,0.2926,0.2926,0.2985,0.3014,0.3044,0.3073,0.3103,0.3162,0.3191,0.3191,0.325,0.325,0.328,0.3339,0.3369,0.3398,0.3398,0.3428,0.3487,0.3516,0.3546,0.3575,0.3575,0.3664,0.3664,0.3693,0.3723,0.3752,0.3782,0.3841,0.3841,0.39,0.3929,0.3929,0.3988,0.4018,0.4018,0.4077,0.4077,0.4106,0.4165,0.4195,0.4224,0.4254,0.4254,0.4313,0.4313,0.4342,0.4402,0.4402,0.4431,0.4461,0.4461,0.452,0.452,0.4549,0.4579,0.4579,0.4608,0.4638,0.4667,0.4697,0.4726,0.4726,0.4785,0.4785,0.4815,0.4844,0.4844,0.4874,0.4903,0.4903,0.4933,0.4962,0.4962,0.5021,0.5021,0.5021,0.5051,0.508,0.5139,0.511,0.5169,0.5169,0.5198,0.5228,0.5228,0.5257,0.5287,0.5316,0.5287,0.5375
sheet,4LW 瞬間圧
condition,0.2,0.05,TRUE
brightness,0,1.0
brightness,1,0.8
brightness,2,0.6
brightness,3,0.4
brightness,4,0.2
brightness,5,0.1
line,0,-0.5286,82.6
line,1,-0.5686,75.4
line,2,-0.5686,68.4
line,3,-0.5314,49.7
region,A
Standard_Chart_x,0.03991,0.04113,0.04236,0.04358,0.04603,0.04726,0.04848,0.04971,0.05093,0.05216,0.05338,0.05461,0.05583,0.05706,0.05828,0.05951,0.06073,0.06196,0.06318,0.06441,0.06563,0.06686,0.06808,0.06931,0.07053,0.07176,0.07298,0.07421,0.07543,0.07666,0.07788,0.07911,0.08033,0.08156,0.08278,0.08401,0.08523,0.08646,0.08768,0.08891,0.09013,0.09136,0.09258,0.09381,0.09503,0.09626,0.09748,0.09871,0.09993,0.1012,0.1024,0.1036,0.1048,0.1061,0.1073,0.1085,0.1097,0.111,0.1122,0.1134,0.1146,0.1159,0.1171,0.1183,0.1195,0.1208,0.122,0.1232,0.1244,0.1257,0.1269,0.1281,0.1293,0.1306,0.1318,0.133,0.1342,0.1355,0.1367,0.1379,0.1391,0.1404,0.1416,0.1428,0.144,0.1453,0.1465,0.1477,0.1489,0.1502,0.1514,0.1526,0.1538,0.1551,0.1563,0.1575,0.1587,0.16,0.1612,0.1624,0.1636,0.1649,0.1661,0.1673,0.1685,0.1698,0.171,0.1722,0.1734,0.1747,0.1759,0.1771,0.1783,0.1796,0.1808,0.182,0.1832,0.1845,0.1857,0.1869,0.1881,0.1894,0.1906,0.1918,0.193,0.1943,0.1955,0.1967,0.1979,0.1992,0.2004,0.2016,0.2028,0.2041,0.2065,0.2077,0.209,0.2114,0.2126,0.2139,0.2163,0.2175,0.2188
Standard_Chart_y,0.09331,0.09331,0.0995,0.0995,0.1057,0.1057,0.1088,0.1119,0.1119,0.115,0.1181,0.1181,0.1243,0.1274,0.1274,0.1305,0.1305,0.1367,0.1398,0.1398,0.1429,0.1429,0.149,0.1521,0.1521,0.1583,0.1583,0.1614,0.1676,0.1676,0.1707,0.1769,0.1769,0.1831,0.1831,0.1893,0.1924,0.1955,0.2017,0.2048,0.2079,0.211,0.2172,0.2203,0.2265,0.2296,0.2327,0.2388,0.2419,0.245,0.2543,0.2543,0.2605,0.2667,0.2698,0.276,0.2822,0.2884,0.2946,0.2977,0.3039,0.3101,0.3132,0.3225,0.3317,0.3348,0.3472,0.3534,0.3596,0.372,0.3782,0.3875,0.3968,0.403,0.4153,0.4215,0.4277,0.4401,0.4463,0.4587,0.4649,0.4711,0.4835,0.4897,0.499,0.5113,0.5175,0.5268,0.5392,0.5454,0.5578,0.564,0.5733,0.5857,0.5919,0.6011,0.6135,0.6197,0.629,0.6383,0.6414,0.6538,0.66,0.6662,0.6755,0.6817,0.6878,0.6971,0.7033,0.7126,0.7157,0.7188,0.7312,0.7343,0.7405,0.7498,0.7529,0.7622,0.7653,0.7684,0.7776,0.7838,0.7869,0.7962,0.8024,0.8086,0.8117,0.8179,0.8241,0.8303,0.8303,0.8458,0.8458,0.8551,0.8643,0.8705,0.8767,0.8891,0.8891,0.8953,0.9046,0.9139,0.917
region,B
Standard_Chart_x,0.03991,0.04113,0.04236,0.04358,0.04603,0.04726,0.04848,0.04971,0.05093,0.05216,0.05338,0.05461,0.05583,0.05706,0.05828,0.05951,0.06073,0.06196,0.06318,0.06441,0.06563,0.06686,0.06808,0.06931,0.07053,0.07176,0.07298,0.07421,0.07543,0.07666,0.07788,0.07911,0.08033,0.08156,0.08278,0.08401,0.08523,0.08646,0.08768,0.08891,0.09013,0.09136,0.09258,0.09381,0.09503,0.09626,0.09748,0.09871,0.09993,0.1012,0.1024,0.1036,0.1048,0.1061,0.1073,0.1085,0.1097,0.111,0.1122,0.1134,0.1146,0.1159,0.1171,0.1183,0.1195,0.1208,0.122,0.1232,0.1244,0.1257,0.1269,0.1281,0.1293,0.1306,0.1318,0.133,0.1342,0.1355,0.1367,0.1379,0.1391,0.1404,0.1416,0.1428,0.144,0.1453,0.1465,0.1477,0.1489,0.1502,0.1514,0.1526,0.1538,0.1551,0.1563,0.1575,0.1587,0.16,0.1612,0.1624,0.1636,0.1649,0.1661,0.1673,0.1685,0.1698,0.171,0.1722,0.1734,0.1747,0.1759,0.1771,0.1783,0.1796,0.1808,0.182,0.1832,0.1845,0.1857,0.1869,0.1881,0.1894,0.1906,0.1918,0.193,0.1943,0.1955,0.1967,0.1979,0.1992,0.2004,0.2028,0.2041,0.2053,0.2077,0.209,0.2102,0.2126,0.2139,0.2151,0.2175,0.2188,0.22
Standard_Chart_y,0.09331,0.09641,0.0995,0.0995,0.1057,0.1057,0.1088,0.1119,0.1088,0.115,0.115,0.1181,0.1212,0.1212,0.1243,0.1274,0.1305,0.1336,0.1367,0.1367,0.1398,0.1398,0.1429,0.149,0.1521,0.1521,0.1583,0.1583,0.1676,0.1645,0.1676,0.1738,0.1769,0.18,0.1831,0.1831,0.1924,0.1893,0.1955,0.1986,0.2017,0.2079,0.211,0.2141,0.2172,0.2203,0.2265,0.2296,0.2327,0.2388,0.245,0.245,0.2543,0.2574,0.2605,0.2667,0.2698,0.2729,0.2791,0.2853,0.2884,0.2946,0.2977,0.307,0.3101,0.3132,0.3225,0.3255,0.3317,0.341,0.3441,0.3534,0.3596,0.3627,0.372,0.3751,0.3813,0.3906,0.3968,0.403,0.4092,0.4123,0.4215,0.4246,0.4308,0.4401,0.4463,0.4494,0.4587,0.4618,0.4711,0.4773,0.4804,0.4897,0.4928,0.499,0.5082,0.5113,0.5206,0.5237,0.5268,0.533,0.5392,0.5423,0.5485,0.5516,0.5578,0.564,0.5671,0.5733,0.5795,0.5795,0.5888,0.5919,0.5949,0.6011,0.6042,0.6135,0.6135,0.6166,0.6259,0.6259,0.629,0.6383,0.6383,0.6445,0.6476,0.6507,0.6569,0.6569,0.66,0.6724,0.6786,0.6847,0.694,0.6971,0.6971,0.7095,0.7095,0.7188,0.725,0.7312,0.7312
region,C
Standard_Chart_x,0.03991,0.04113,0.04236,0.04358,0.04603,0.04726,0.04848,0.04971,0.05093,0.05216,0.05338,0.05461,0.05583,0.05706,0.05828,0.05951,0.06073,0.06196,0.06318,0.06441,0.06563,0.06686,0.06808,0.06931,0.07053,0.07176,0.07298,0.07421,0.07543,0.07666,0.07788,0.07911,0.08033,0.08156,0.08278,0.08401,0.08523,0.08646,0.08768,0.08891,0.09013,0.09136,0.09258,0.09381,0.09503,0.09626,0.09748,0.09871,0.09993,0.1012,0.1024,0.1036,0.1048,0.1061,0.1073,0.1085,0.1097,0.111,0.1122,0.1134,0.1146,0.1159,0.1171,0.1183,0.1195,0.1208,0.122,0.1232,0.1244,0.1257,0.1269,0.1281,0.1293,0.1306,0.1318,0.133,0.1342,0.1355,0.1367,0.1379,0.1391,0.1404,0.1416,0.1428,0.144,0.1453,0.1465,0.1477,0.1489,0.1502,0.1514,0.1526,0.1538,0.1551,0.1563,0.1575,0.1587,0.16,0.1612,0.1624,0.1636,0.1649,0.1661,0.1673,0.1685,0.1698,0.171,0.1722,0.1734,0.1747,0.1759,0.1771,0.1783,0.1796,0.1808,0.182,0.1832,0.1845,0.1857,0.1869,0.1881,0.1894,0.1906,0.1918,0.193,0.1943,0.1955,0.1967,0.1979,0.1992,0.2028,0.2041,0.2053,0.2077,0.209,0.2102,0.2114,0.2139,0.2151,0.2163,0.22
Standard_Chart_y,0.09331,0.09331,0.0995,0.0995,0.1057,0.1026,0.1088,0.1119,0.1088,0.1119,0.1119,0.1119,0.1181,0.115,0.1181,0.1212,0.1243,0.1274,0.1274,0.1305,0.1336,0.1367,0.1398,0.1429,0.146,0.149,0.1521,0.1521,0.1583,0.1583,0.1614,0.1676,0.1676,0.1738,0.1738,0.1769,0.1831,0.1831,0.1862,0.1924,0.1924,0.1955,0.1986,0.2017,0.2079,0.211,0.2141,0.2203,0.2234,0.2265,0.2327,0.2357,0.2419,0.245,0.245,0.2543,0.2574,0.2605,0.2667,0.2698,0.2729,0.2791,0.2822,0.2884,0.2915,0.2946,0.3008,0.3008,0.307,0.3132,0.3194,0.3225,0.3286,0.3317,0.3348,0.3379,0.3441,0.3503,0.3565,0.3596,0.3658,0.3689,0.3751,0.3813,0.3813,0.3906,0.3937,0.3968,0.403,0.4092,0.4153,0.4215,0.4246,0.4277,0.4339,0.437,0.4463,0.4463,0.4525,0.4587,0.4587,0.4649,0.468,0.4742,0.4804,0.4804,0.4835,0.4897,0.4928,0.499,0.5021,0.5021,0.5113,0.5113,0.5144,0.5206,0.5237,0.5268,0.5299,0.5299,0.5361,0.5392,0.5423,0.5454,0.5454,0.5516,0.5547,0.5547,0.5609,0.5609,0.5733,0.5764,0.5795,0.5888,0.5888,0.5919,0.5949,0.6011,0.6042,0.6042,0.6166
region,D
Standard_Chart_x,0.03991,0.04113,0.04236,0.04358,0.04603,0.04726,0.04848,0.04971,0.05093,0.05216,0.05338,0.05461,0.05583,0.05706,0.05828,0.05951,0.06073,0.06196,0.06318,0.06441,0.06563,0.06686,0.06808,0.06931,0.07053,0.07176,0.07298,0.07421,0.07543,0.07666,0.07788,0.07911,0.08033,0.08156,0.08278,0.08401,0.08523,0.08646,0.08768,0.08891,0.09013,0.09136,0.09258,0.09381,0.09503,0.09626,0.09748,0.09871,0.09993,0.1012,0.1024,0.1036,0.1048,0.1061,0.1073,0.1085,0.1097,0.111,0.1122,0.1134,0.1146,0.1159,0.1171,0.1183,0.1195,0.1208,0.122,0.1232,0.1244,0.1257,0.1269,0.1281,0.1293,0.1306,0.1318,0.133,0.1342,0.1355,0.1367,0.1379,0.1391,0.1404,0.1416,0.1428,0.144,0.1453,0.1465,0.1477,0.1489,0.1502,0.1514,0.1526,0.1538,0.1551,0.1563,0.1575,0.1587,0.16,0.1612,0.1624,0.1636,0.1649,0.1661,0.1673,0.1685,0.1698,0.171,0.1722,0.1734,0.1747,0.1759,0.1771,0.1783,0.1796,0.1808,0.182,0.1832,0.1845,0.1857,0.1869,0.1881,0.1894,0.1906,0.1918,0.193,0.1943,0.1955,0.1967,0.1979,0.1992,0.2028,0.2041,0.2053,0.2077,0.209,0.2102,0.2114,0.2151,0.2163,0.2175
Standard_Chart_y,0.09331,0.09331,0.0995,0.09641,0.1057,0.1026,0.1088,0.1119,0.1119,0.115,0.115,0.115,0.1212,0.1212,0.1243,0.1274,0.1274,0.1305,0.1305,0.1336,0.1367,0.1398,0.1429,0.146,0.146,0.1521,0.1521,0.1552,0.1583,0.1614,0.1645,0.1707,0.1707,0.1738,0.1769,0.18,0.1831,0.1831,0.1893,0.1924,0.1924,0.1955,0.2017,0.2017,0.2079,0.211,0.211,0.2172,0.2172,0.2203,0.2265,0.2296,0.2327,0.2357,0.2357,0.2419,0.245,0.245,0.2543,0.2543,0.2574,0.2636,0.2636,0.2698,0.2729,0.2729,0.2791,0.2822,0.2853,0.2915,0.2946,0.2977,0.3008,0.307,0.3101,0.3101,0.3132,0.3194,0.3225,0.3286,0.3317,0.3348,0.341,0.341,0.3441,0.3503,0.3565,0.3565,0.3627,0.3627,0.372,0.372,0.3751,0.3813,0.3844,0.3844,0.3906,0.3906,0.3968,0.3999,0.3999,0.4061,0.4061,0.4092,0.4153,0.4153,0.4215,0.4246,0.4246,0.4308,0.4339,0.4339,0.437,0.4401,0.4432,0.4463,0.4463,0.4525,0.4556,0.4556,0.4618,0.4618,0.4649,0.468,0.468,0.4742,0.4773,0.4773,0.4804,0.4835,0.4928,0.4928,0.4959,0.5021,0.5051,0.5021,0.5082,0.5144,0.5144,0.5206
region,E
Standard_Chart_x,0.03991,0.04113,0.04236,0.04358,0.04603,0.04726,0.04971,0.05093,0.05216,0.05338,0.05461,0.05583,0.05706,0.05828,0.05951,0.06073,0.06196,0.06318,0.06441,0.06563,0.06686,0.06808,0.06931,0.07053,0.07176,0.07298,0.07421,0.07543,0.07666,0.07788,0.07911,0.08033,0.08156,0.08278,0.08401,0.08523,0.08646,0.08768,0.08891,0.09013,0.09136,0.09258,0.09381,0.09503,0.09626,0.09748,0.09871,0.09993,0.1012,0.1024,0.1036,0.1048,0.1061,0.1073,0.1085,0.1097,0.111,0.1122,0.1134,0.1146,0.1159,0.1171,0.1183,0.1195,0.1208,0.122,0.1232,0.1244,0.1257,0.1269,0.1281,0.1293,0.1306,0.1318,0.133,0.1342,0.1355,0.1367,0.1379,0.1391,0.1404,0.1416,0.1428,0.144,0.1453,0.1465,0.1477,0.1489,0.1502,0.1514,0.1526,0.1538,0.1551,0.1563,0.1575,0.1587,0.16,0.1612,0.1624,0.1636,0.1649,0.1661,0.1673,0.1685,0.1698,0.171,0.1722,0.1734,0.1747,0.1759,0.1771,0.1783,0.1796,0.1808,0.182,0.1832,0.1845,0.1857,0.1869,0.1881,0.1894,0.1906,0.1918,0.193,0.1943,0.1955,0.1967,0.1979,0.1992,0.2016,0.2028,0.2041,0.2053,0.2077,0.209,0.2102,0.2114,0.2151,0.2163,0.2175
Standard_Chart_y,0.09331,0.09331,0.09641,0.09641,0.0995,0.0995,0.1088,0.1088,0.1119,0.1119,0.1119,0.115,0.115,0.1212,0.1181,0.1212,0.1243,0.1243,0.1274,0.1336,0.1336,0.1367,0.1398,0.1398,0.146,0.1429,0.146,0.149,0.149,0.1552,0.1614,0.1614,0.1645,0.1676,0.1676,0.1707,0.1738,0.1769,0.18,0.1831,0.1862,0.1893,0.1893,0.1955,0.1955,0.1986,0.2048,0.2079,0.2079,0.2141,0.2141,0.2203,0.2234,0.2203,0.2296,0.2265,0.2327,0.2357,0.2357,0.2419,0.245,0.245,0.2512,0.2512,0.2543,0.2605,0.2605,0.2636,0.2667,0.2698,0.276,0.2791,0.2791,0.2822,0.2853,0.2884,0.2915,0.2915,0.2977,0.3008,0.3008,0.3039,0.3039,0.307,0.3132,0.3132,0.3163,0.3194,0.3194,0.3225,0.3225,0.3255,0.3317,0.3317,0.3317,0.3379,0.3379,0.341,0.3441,0.3441,0.3503,0.3472,0.3503,0.3565,0.3565,0.3596,0.3627,0.3627,0.3658,0.3689,0.3689,0.372,0.372,0.3751,0.3782,0.3782,0.3844,0.3813,0.3844,0.3875,0.3875,0.3906,0.3937,0.3906,0.3968,0.3968,0.3968,0.3999,0.3999,0.4061,0.4061,0.4092,0.4123,0.4153,0.4153,0.4153,0.4184,0.4215,0.4215,0.4215
sheet,5LW 持続圧
condition,0.05,0.006,TRUE
brightness,0,1.0
brightness,1,0.8
brightness,2,0.6
brightness,3,0.4
brightness,4,0.2
brightness,5,0.1
line,0,-0.6429,83.0
line,1,-0.6429,67.0
line,2,-0.6371,57.0
line,3,-0.6429,46.0
region,A
Standard_Chart_x,0.003969,0.00417,0.004774,0.004976,0.00558,0.005781,0.005983,0.006184,0.006385,0.006587,0.006788,0.006989,0.007191,0.007392,0.007594,0.007795,0.007996,0.008198,0.008399,0.008601,0.008802,0.009003,0.009205,0.009406,0.009608,0.009809,0.01001,0.01021,0.01041,0.01061,0.01082,0.01102,0.01122,0.01142,0.01162,0.01182,0.01202,0.01223,0.01243,0.01263,0.01283,0.01303,0.01323,0.01343,0.01364,0.01384,0.01404,0.01424,0.01444,0.01464,0.01484,0.01504,0.01525,0.01545,0.01565,0.01585,0.01605,0.01625,0.01645,0.01666,0.01686,0.01706,0.01726,0.01746,0.01766,0.01786,0.01807,0.01827,0.01847,0.01867,0.01887,0.01907,0.01927,0.01948,0.01968,0.01988,0.02008,0.02028,0.02048,0.02068,0.02089,0.02109,0.02129,0.02149,0.02169,0.02189,0.02209,0.02229,0.0225,0.0227,0.0229,0.0231,0.0233,0.0235,0.0237,0.02391,0.02411,0.02431,0.02451,0.02471,0.02491,0.02511,0.02532,0.02552,0.02572,0.02592,0.02612,0.02632,0.02652,0.02673,0.02693,0.02713,0.02733,0.02753,0.02773,0.02793,0.02814,0.02834,0.02854,0.02874,0.02894,0.02914,0.02934,0.02954,0.02975,0.02995,0.03015,0.03035,0.03055,0.03075,0.03095,0.03116,0.03136,0.03156,0.03176,0.03196,0.03216,0.03236,0.03257,0.03277,0.03297,0.03317,0.03337,0.03357,0.03377,0.03398,0.03418,0.03438,0.03458,0.03478,0.03498,0.03518,0.03539,0.03559,0.03579,0.03599,0.03619,0.03639,0.03659,0.03679,0.037,0.0372,0.0374,0.0376,0.0378,0.038,0.0382,0.03841,0.03861,0.03881,0.03901,0.03921,0.03941,0.03961,0.03982,0.04002,0.04022,0.04042,0.04062,0.04082,0.04102,0.04123,0.04143,0.04163,0.04183,0.04203,0.04223,0.04243,0.04264,0.04284,0.04304,0.04324,0.04344,0.04364,0.04384,0.04404,0.04425,0.04445,0.04465,0.04485,0.04505,0.04525,0.04545,0.04566,0.04586,0.04606,0.04626,0.04646,0.04666,0.04686,0.04707,0.04727,0.04747,0.04767,0.04787,0.04807,0.04827,0.04848,0.04868,0.04888,0.04908,0.04928,0.04948,0.04968,0.04988,0.05009,0.05029,0.05049,0.05109,0.05129,0.0519,0.0525,0.0527,0.05331,0.05351,0.05411,0.05432,0.05472,0.05492
Standard_Chart_y,0.1133,0.1146,0.1188,0.1188,0.1188,0.1201,0.1201,0.1201,0.1229,0.1215,0.1229,0.1215,0.1229,0.1215,0.1243,0.1243,0.1257,0.127,0.1298,0.1284,0.1312,0.1298,0.1339,0.1353,0.1367,0.1394,0.1422,0.1435,0.1449,0.1477,0.149,0.1545,0.1559,0.1573,0.1614,0.1628,0.1655,0.1697,0.1697,0.1738,0.1752,0.1779,0.1807,0.1834,0.1862,0.1903,0.1917,0.1931,0.1958,0.1986,0.2013,0.2027,0.2054,0.2109,0.2123,0.2137,0.2192,0.2206,0.2247,0.2275,0.2302,0.2357,0.2371,0.2412,0.2467,0.2495,0.2522,0.255,0.2619,0.266,0.2701,0.2756,0.2811,0.2852,0.2921,0.299,0.3017,0.3086,0.3114,0.3196,0.3279,0.332,0.3389,0.3485,0.3527,0.3609,0.365,0.3733,0.3829,0.3884,0.3981,0.4091,0.4132,0.4214,0.4324,0.4379,0.4503,0.4545,0.4641,0.4751,0.482,0.4861,0.5067,0.5122,0.5232,0.5343,0.5384,0.548,0.5549,0.5645,0.5741,0.5797,0.5879,0.5989,0.6044,0.6127,0.6182,0.6251,0.6361,0.6402,0.6471,0.6567,0.6608,0.6677,0.676,0.6773,0.687,0.6897,0.6952,0.7021,0.7062,0.7117,0.7186,0.72,0.7255,0.7282,0.7337,0.7406,0.7434,0.7475,0.753,0.7557,0.7599,0.7654,0.7668,0.7723,0.775,0.7778,0.7833,0.7846,0.7888,0.7929,0.7956,0.7984,0.8011,0.8053,0.8108,0.8122,0.8149,0.819,0.8218,0.8259,0.8287,0.8314,0.8328,0.8355,0.8369,0.8424,0.8438,0.8452,0.8493,0.8521,0.8534,0.8562,0.8617,0.8631,0.8644,0.8672,0.8713,0.8727,0.8727,0.8782,0.8768,0.8809,0.8823,0.8837,0.8864,0.8878,0.8878,0.8906,0.892,0.8933,0.8933,0.8961,0.8988,0.8975,0.9002,0.903,0.903,0.903,0.9043,0.9071,0.9071,0.9085,0.9085,0.9126,0.9126,0.914,0.9153,0.9153,0.9181,0.9181,0.9181,0.9195,0.9222,0.9222,0.9236,0.9236,0.925,0.9263,0.9277,0.9291,0.9305,0.9318,0.9332,0.9332,0.9346,0.936,0.9387,0.9401,0.9429,0.9456,0.947,0.9497,0.9497,0.9539,0.9552,0.9566,0.958
region,B
Standard_Chart_x,0.003969,0.00417,0.004774,0.004976,0.00558,0.005781,0.005983,0.006184,0.006385,0.006587,0.006788,0.006989,0.007191,0.007392,0.007594,0.007795,0.007996,0.008198,0.008399,0.008601,0.008802,0.009003,0.009205,0.009406,0.009608,0.009809,0.01001,0.01021,0.01041,0.01061,0.01082,0.01102,0.01122,0.01142,0.01162,0.01182,0.01202,0.01223,0.01243,0.01263,0.01283,0.01303,0.01323,0.01343,0.01364,0.01384,0.01404,0.01424,0.01444,0.01464,0.01484,0.01504,0.01525,0.01545,0.01565,0.01585,0.01605,0.01625,0.01645,0.01666,0.01686,0.01706,0.01726,0.01746,0.01766,0.01786,0.01807,0.01827,0.01847,0.01867,0.01887,0.01907,0.01927,0.01948,0.01968,0.01988,0.02008,0.02028,0.02048,0.02068,0.02089,0.02109,0.02129,0.02149,0.02169,0.02189,0.02209,0.02229,0.0227,0.0229,0.0231,0.0233,0.0235,0.0237,0.02391,0.02411,0.02451,0.02471,0.02491,0.02511,0.02532,0.02552,0.02572,0.02592,0.02612,0.02632,0.02652,0.02673,0.02693,0.02713,0.02733,0.02753,0.02773,0.02793,0.02814,0.02834,0.02854,0.02874,0.02894,0.02914,0.02934,0.02954,0.02995,0.03015,0.03035,0.03055,0.03075,0.03095,0.03116,0.03136,0.03156,0.03176,0.03196,0.03216,0.03236,0.03257,0.03277,0.03297,0.03317,0.03337,0.03357,0.03377,0.03398,0.03418,0.03438,0.03458,0.03478,0.03498,0.03518,0.03539,0.03559,0.03579,0.03599,0.03619,0.03659,0.03679,0.037,0.0374,0.0376,0.0378,0.038,0.0382,0.03841,0.03861,0.03881,0.03921,0.03941,0.03961,0.03982,0.04022,0.04042,0.04062,0.04082,0.04123,0.04143,0.04163,0.04183,0.04203,0.04264,0.04284,0.04304,0.04324,0.04344,0.04364,0.04404,0.04425,0.04445,0.04465,0.04485,0.04545,0.04566,0.04586,0.04606,0.04626,0.04646,0.04707,0.04727,0.04747,0.04767,0.04787,0.04868,0.04888,0.04908,0.04928,0.04948,0.04988,0.05009,0.05069,0.05089,0.0515,0.0517,0.0521,0.0523,0.0527,0.05291,0.05311,0.05351,0.05371,0.05432,0.05452,0.05492
Standard_Chart_y,0.1174,0.1174,0.1188,0.1201,0.1201,0.1201,0.1201,0.1188,0.1201,0.1201,0.1201,0.1215,0.1215,0.1229,0.1243,0.1243,0.1257,0.127,0.1284,0.127,0.1312,0.1298,0.1325,0.1339,0.1353,0.1367,0.1394,0.1422,0.1449,0.1477,0.149,0.1518,0.1532,0.1559,0.16,0.1614,0.1628,0.1683,0.1697,0.1711,0.1738,0.1766,0.1807,0.1821,0.1834,0.1876,0.1903,0.1931,0.1944,0.1958,0.1999,0.2013,0.2054,0.2082,0.2109,0.2137,0.2192,0.2206,0.2247,0.2275,0.2302,0.2357,0.2371,0.2412,0.2467,0.2481,0.2508,0.2522,0.2563,0.2632,0.266,0.2687,0.2756,0.277,0.2797,0.288,0.2907,0.2949,0.2976,0.299,0.3073,0.31,0.3169,0.321,0.3238,0.3293,0.3334,0.3403,0.3513,0.3554,0.3609,0.3637,0.3733,0.3774,0.3815,0.3857,0.3994,0.4063,0.4077,0.4146,0.4242,0.4269,0.4297,0.4421,0.4448,0.449,0.4503,0.4627,0.4668,0.471,0.4737,0.4889,0.4902,0.4957,0.4971,0.5095,0.5164,0.5191,0.5205,0.5343,0.5356,0.5398,0.5535,0.559,0.5618,0.5631,0.5755,0.5783,0.5824,0.5865,0.5975,0.6003,0.6044,0.6072,0.6209,0.6223,0.6264,0.6306,0.6429,0.6443,0.6512,0.6526,0.6636,0.6677,0.6705,0.6746,0.687,0.6897,0.6938,0.6966,0.7076,0.7103,0.7145,0.72,0.7324,0.7379,0.7392,0.7544,0.7571,0.7613,0.7626,0.7736,0.7764,0.7791,0.7819,0.7943,0.797,0.7984,0.8025,0.8135,0.8163,0.8218,0.8218,0.8314,0.8328,0.8355,0.8369,0.8383,0.8479,0.8479,0.8507,0.8521,0.8534,0.8548,0.8617,0.8617,0.8644,0.8658,0.8672,0.8727,0.8741,0.8754,0.8768,0.8796,0.8782,0.8851,0.8864,0.8864,0.8892,0.8878,0.8947,0.8975,0.8988,0.9002,0.9002,0.9043,0.9057,0.9085,0.9098,0.914,0.914,0.9167,0.9181,0.9208,0.9195,0.9208,0.9236,0.925,0.9277,0.9291,0.9318
region,C
Standard_Chart_x,0.003969,0.00417,0.004371,0.004774,0.004976,0.005177,0.00558,0.005781,0.005983,0.006184,0.006385,0.006587,0.006788,0.006989,0.007191,0.007392,0.007594,0.007795,0.007996,0.008198,0.008399,0.008601,0.008802,0.009003,0.009205,0.009406,0.009608,0.009809,0.01001,0.01021,0.01041,0.01061,0.01082,0.01102,0.01122,0.01142,0.01162,0.01182,0.01202,0.01223,0.01243,0.01263,0.01283,0.01303,0.01323,0.01343,0.01364,0.01384,0.01404,0.01424,0.01444,0.01464,0.01484,0.01504,0.01525,0.01545,0.01565,0.01585,0.01605,0.01625,0.01645,0.01666,0.01686,0.01706,0.01726,0.01746,0.01766,0.01786,0.01807,0.01827,0.01847,0.01867,0.01887,0.01907,0.01927,0.01948,0.01968,0.01988,0.02008,0.02028,0.02048,0.02068,0.02089,0.02109,0.02129,0.02149,0.02169,0.02189,0.02209,0.02229,0.0225,0.0227,0.0229,0.0231,0.0233,0.0235,0.0237,0.02391,0.02411,0.02431,0.02451,0.02471,0.02491,0.02511,0.02532,0.02552,0.02572,0.02592,0.02612,0.02632,0.02652,0.02673,0.02693,0.02713,0.02733,0.02753,0.02773,0.02793,0.02814,0.02834,0.02854,0.02874,0.02894,0.02914,0.02934,0.02954,0.02975,0.02995,0.03015,0.03035,0.03055,0.03075,0.03095,0.03116,0.03136,0.03156,0.03176,0.03196,0.03216,0.03236,0.03257,0.03277,0.03297,0.03317,0.03337,0.03357,0.03377,0.03398,0.03418,0.03438,0.03458,0.03478,0.03498,0.03518,0.03539,0.03559,0.03579,0.03599,0.03619,0.03639,0.03659,0.03679,0.037,0.0372,0.0374,0.0376,0.0378,0.038,0.0382,0.03841,0.03861,0.03881,0.03901,0.03921,0.03941,0.03961,0.03982,0.04002,0.04022,0.04042,0.04062,0.04082,0.04102,0.04123,0.04143,0.04163,0.04183,0.04203,0.04223,0.04243,0.04264,0.04284,0.04304,0.04324,0.04344,0.04364,0.04384,0.04404,0.04425,0.04445,0.04465,0.04485,0.04505,0.04525,0.04545,0.04566,0.04586,0.04606,0.04626,0.04646,0.04666,0.04686,0.04707,0.04727,0.04747,0.04767,0.04787,0.04807,0.04827,0.04848,0.04868,0.04888,0.04908,0.04928,0.04948,0.04968,0.04988,0.05009,0.05029,0.05089,0.05109,0.0515,0.0517,0.0519,0.0523,0.0525,0.05291,0.05311,0.05331,0.05371,0.05391,0.05432,0.05452,0.05492
Standard_Chart_y,0.1189,0.1203,0.1244,0.1285,0.1299,0.1327,0.1368,0.1382,0.1382,0.1423,0.1423,0.1437,0.1464,0.1464,0.1492,0.1492,0.1506,0.1533,0.1533,0.1547,0.1575,0.1575,0.1602,0.1602,0.163,0.1643,0.1671,0.1685,0.1712,0.1726,0.174,0.1767,0.1781,0.1809,0.1823,0.1836,0.1864,0.1891,0.1891,0.1933,0.1946,0.196,0.1974,0.2002,0.2029,0.2029,0.2043,0.2084,0.2098,0.2112,0.2126,0.2153,0.2194,0.2181,0.2208,0.2249,0.2263,0.2277,0.2318,0.2332,0.236,0.236,0.2387,0.2428,0.2456,0.247,0.2511,0.2525,0.2552,0.258,0.2608,0.2649,0.2663,0.269,0.2718,0.2731,0.2759,0.2814,0.2842,0.2869,0.2897,0.2938,0.2979,0.3007,0.3034,0.309,0.3117,0.3158,0.3186,0.3227,0.3296,0.331,0.3351,0.3406,0.3448,0.3489,0.3544,0.3572,0.3627,0.3668,0.3723,0.3778,0.3806,0.3861,0.3916,0.3957,0.4026,0.4067,0.4095,0.4164,0.4191,0.4246,0.4315,0.4343,0.4398,0.4467,0.4494,0.4563,0.4577,0.4632,0.4687,0.4715,0.477,0.4852,0.488,0.4921,0.4976,0.5004,0.5073,0.51,0.5142,0.5197,0.5224,0.5279,0.5334,0.5348,0.5403,0.5431,0.5472,0.5527,0.5555,0.5596,0.5651,0.5679,0.5706,0.5789,0.5803,0.5858,0.5885,0.5927,0.5982,0.5995,0.6037,0.6092,0.6119,0.6161,0.6202,0.6243,0.6298,0.6312,0.6354,0.6409,0.645,0.6491,0.6546,0.656,0.6601,0.6629,0.667,0.6725,0.6753,0.678,0.6836,0.6849,0.6877,0.6918,0.6973,0.7015,0.7042,0.707,0.7111,0.7125,0.718,0.7207,0.7221,0.7263,0.7276,0.7318,0.7373,0.7373,0.74,0.7455,0.7469,0.7497,0.751,0.7538,0.7579,0.7607,0.7621,0.7676,0.7676,0.7717,0.7758,0.7772,0.78,0.7813,0.7841,0.7882,0.7896,0.7924,0.7965,0.7979,0.802,0.8034,0.8048,0.8103,0.813,0.8144,0.8185,0.8199,0.8227,0.8268,0.8282,0.8309,0.8337,0.8351,0.8378,0.8406,0.8419,0.8474,0.8502,0.8543,0.8557,0.8571,0.8612,0.8626,0.8681,0.8695,0.8695,0.875,0.8764,0.8805,0.8819,0.8874
region,D
Standard_Chart_x,0.004159,0.004361,0.004562,0.004763,0.004965,0.005166,0.00577,0.005972,0.006173,0.006375,0.006576,0.006777,0.006979,0.00718,0.007382,0.007583,0.007784,0.007986,0.008187,0.008388,0.009395,0.009597,0.0106,0.01081,0.01101,0.01121,0.01141,0.01161,0.01181,0.01201,0.01221,0.01242,0.01262,0.01282,0.01302,0.01403,0.01423,0.01544,0.01564,0.01584,0.01604,0.01624,0.01644,0.01665,0.01685,0.01705,0.01725,0.01745,0.01765,0.01785,0.01886,0.01906,0.02007,0.02027,0.02047,0.02067,0.02087,0.02108,0.02128,0.02148,0.02168,0.02188,0.02208,0.02228,0.02249,0.02349,0.02369,0.0243,0.0245,0.0247,0.0249,0.0251,0.0253,0.02551,0.02571,0.02591,0.02611,0.02631,0.02651,0.02671,0.02692,0.02712,0.02732,0.02752,0.02772,0.02792,0.02812,0.02833,0.02853,0.02893,0.02913,0.02933,0.02953,0.02974,0.02994,0.03014,0.03034,0.03054,0.03074,0.03094,0.03115,0.03215,0.03235,0.03336,0.03356,0.03376,0.03396,0.03417,0.03437,0.03457,0.03477,0.03497,0.03517,0.03537,0.03558,0.03578,0.03699,0.03819,0.0384,0.0386,0.0388,0.039,0.0392,0.0394,0.0396,0.0398,0.04001,0.04021,0.04041,0.04061,0.04162,0.04182,0.04283,0.04303,0.04323,0.04343,0.04363,0.04383,0.04403,0.04424,0.04444,0.04464,0.04484,0.04504,0.04524,0.04625,0.04645,0.04746,0.04766,0.04786,0.04806,0.04826,0.04846,0.04867,0.04887,0.04907,0.04927,0.04947,0.04967,0.04987,0.05008,0.05068,0.05088,0.05108,0.05149,0.05169,0.05229,0.0529,0.0531,0.0535,0.0537,0.0541,0.0543,0.05451,0.05491
Standard_Chart_y,0.119,0.1232,0.1259,0.1287,0.1314,0.1356,0.1425,0.148,0.1494,0.1521,0.1549,0.1576,0.1618,0.1632,0.1659,0.1687,0.1714,0.1742,0.1756,0.1769,0.1935,0.1935,0.21,0.2114,0.2128,0.2155,0.2197,0.2197,0.2238,0.228,0.2293,0.2321,0.2335,0.2362,0.239,0.2542,0.2542,0.2693,0.2721,0.2762,0.2776,0.2804,0.2831,0.2845,0.2886,0.2914,0.2928,0.2955,0.2983,0.2997,0.3162,0.319,0.3341,0.3355,0.3383,0.3438,0.3452,0.3479,0.352,0.3548,0.3576,0.3617,0.3631,0.3658,0.3658,0.3838,0.3838,0.3975,0.3989,0.4017,0.4044,0.41,0.4113,0.4141,0.4182,0.421,0.4251,0.4265,0.4293,0.4334,0.432,0.4362,0.4417,0.443,0.4458,0.4486,0.4527,0.4582,0.4596,0.4679,0.4692,0.472,0.4761,0.4789,0.483,0.4844,0.4885,0.4927,0.4954,0.4968,0.4996,0.5189,0.5189,0.5354,0.5354,0.5382,0.5409,0.5423,0.5478,0.5492,0.5506,0.5561,0.5561,0.5589,0.563,0.563,0.5809,0.5961,0.5988,0.6016,0.6057,0.6057,0.6099,0.614,0.6154,0.6195,0.6223,0.625,0.6278,0.6278,0.6457,0.6443,0.6623,0.6636,0.6678,0.6692,0.6719,0.6733,0.6774,0.6816,0.6816,0.6857,0.6885,0.6898,0.6912,0.7091,0.7078,0.7243,0.7271,0.7298,0.7326,0.734,0.7381,0.7422,0.7436,0.7464,0.7464,0.7505,0.7546,0.756,0.7602,0.7671,0.7684,0.7698,0.7726,0.774,0.7808,0.7864,0.7891,0.7933,0.7946,0.7988,0.8001,0.8015,0.807
region,E
Standard_Chart_x,0.004159,0.004361,0.004562,0.004763,0.004965,0.005166,0.005569,0.00577,0.005972,0.006173,0.006375,0.006576,0.006777,0.006979,0.00718,0.007382,0.007583,0.007784,0.007986,0.008187,0.008388,0.00859,0.008791,0.008993,0.009194,0.009395,0.009597,0.009798,0.01,0.0102,0.0104,0.0106,0.01081,0.01101,0.01121,0.01141,0.01161,0.01181,0.01201,0.01221,0.01242,0.01262,0.01282,0.01302,0.01322,0.01342,0.01362,0.01383,0.01403,0.01423,0.01443,0.01463,0.01483,0.01503,0.01524,0.01544,0.01564,0.01584,0.01604,0.01624,0.01644,0.01665,0.01685,0.01705,0.01725,0.01745,0.01765,0.01785,0.01806,0.01826,0.01846,0.01866,0.01886,0.01906,0.01926,0.01946,0.01967,0.01987,0.02007,0.02027,0.02047,0.02067,0.02087,0.02108,0.02128,0.02148,0.02168,0.02188,0.02208,0.02228,0.02249,0.02269,0.02289,0.02309,0.02329,0.02349,0.02369,0.0239,0.0241,0.0243,0.0245,0.0247,0.0249,0.0251,0.0253,0.02551,0.02571,0.02591,0.02611,0.02631,0.02651,0.02671,0.02692,0.02712,0.02732,0.02752,0.02772,0.02792,0.02812,0.02833,0.02853,0.02873,0.02893,0.02913,0.02933,0.02953,0.02974,0.02994,0.03014,0.03034,0.03054,0.03074,0.03094,0.03115,0.03135,0.03155,0.03175,0.03195,0.03215,0.03235,0.03255,0.03276,0.03296,0.03316,0.03336,0.03356,0.03376,0.03396,0.03417,0.03437,0.03457,0.03477,0.03497,0.03517,0.03537,0.03558,0.03578,0.03598,0.03618,0.03638,0.03658,0.03678,0.03699,0.03719,0.03739,0.03759,0.03779,0.03799,0.03819,0.0384,0.0386,0.0388,0.039,0.0392,0.0394,0.0396,0.0398,0.04001,0.04021,0.04041,0.04061,0.04081,0.04101,0.04121,0.04142,0.04162,0.04182,0.04202,0.04222,0.04242,0.04262,0.04283,0.04303,0.04323,0.04343,0.04363,0.04383,0.04403,0.04424,0.04444,0.04464,0.04484,0.04504,0.04524,0.04544,0.04565,0.04585,0.04605,0.04625,0.04645,0.04665,0.04685,0.04705,0.04726,0.04746,0.04766,0.04786,0.04806,0.04826,0.04846,0.04867,0.04887,0.04907,0.04927,0.04947,0.04967,0.04987,0.05008,0.05028,0.05048,0.05088,0.05108,0.05169,0.05189,0.05229,0.05249,0.0529,0.0531,0.0535,0.0537,0.0539,0.0543,0.05451,0.05491,0.05511
Standard_Chart_y,0.1177,0.1232,0.1259,0.1287,0.1287,0.1314,0.1342,0.137,0.1397,0.1411,0.1425,0.1452,0.1466,0.1507,0.1521,0.1535,0.1576,0.1576,0.159,0.1632,0.1645,0.1687,0.1687,0.1714,0.1742,0.1756,0.1783,0.1825,0.1838,0.1838,0.188,0.1894,0.1921,0.1935,0.1962,0.199,0.199,0.2031,0.2059,0.2073,0.2087,0.2114,0.2142,0.2169,0.2183,0.2197,0.2238,0.2252,0.228,0.2321,0.2321,0.2349,0.2376,0.239,0.2431,0.2445,0.2459,0.2486,0.25,0.2528,0.2542,0.2569,0.2597,0.2624,0.2638,0.2679,0.2693,0.2707,0.2748,0.2762,0.279,0.2804,0.2817,0.2872,0.2859,0.29,0.2941,0.2955,0.2983,0.2997,0.301,0.3065,0.3065,0.3093,0.3148,0.3162,0.319,0.3217,0.3231,0.3259,0.3286,0.33,0.3355,0.3355,0.3383,0.3438,0.3452,0.3465,0.3479,0.3507,0.3548,0.3562,0.3589,0.3645,0.3658,0.3672,0.3713,0.3727,0.3769,0.3782,0.381,0.3851,0.3865,0.3879,0.3907,0.3948,0.3962,0.3975,0.4017,0.4031,0.4058,0.4086,0.4113,0.4113,0.4155,0.4182,0.4196,0.4224,0.4251,0.4265,0.4306,0.4293,0.432,0.4362,0.4375,0.4375,0.4417,0.4417,0.4458,0.4444,0.4472,0.4486,0.4513,0.4527,0.4555,0.4568,0.4596,0.461,0.461,0.4637,0.4651,0.4679,0.4692,0.4706,0.472,0.4748,0.4748,0.4775,0.4789,0.4803,0.483,0.4844,0.4858,0.4885,0.4899,0.4927,0.4941,0.4954,0.4996,0.4996,0.5037,0.5051,0.5065,0.5078,0.512,0.512,0.5147,0.5175,0.5189,0.523,0.5216,0.5258,0.5299,0.5299,0.5313,0.534,0.5354,0.5396,0.5409,0.5423,0.5451,0.5465,0.5492,0.552,0.5533,0.5561,0.5561,0.5589,0.563,0.5616,0.5658,0.5685,0.5699,0.5713,0.5727,0.5754,0.5795,0.5795,0.5823,0.5864,0.5864,0.5892,0.5933,0.592,0.5961,0.5988,0.6002,0.603,0.6044,0.6057,0.6099,0.6113,0.614,0.614,0.6168,0.6209,0.6223,0.6223,0.6264,0.6278,0.6333,0.6361,0.6416,0.643,0.6471,0.6499,0.654,0.654,0.6595,0.6609,0.6636,0.6678,0.6705,0.6747,0.6761
sheet,5LW 瞬間圧
condition,0.05,0.006,TRUE
brightness,0,1.0
brightness,1,0.8
brightness,2,0.6
brightness,3,0.4
brightness,4,0.2
brightness,5,0.1
line,0,-0.6514,83.0
line,1,-0.6429,72.8
line,2,-0.64,58.7
line,3,-0.6466,46.1
region,A
Standard_Chart_x,0.004152,0.004737,0.004932,0.005517,0.005713,0.005908,0.006103,0.006298,0.006493,0.006688,0.006883,0.007078,0.007273,0.007468,0.007664,0.007859,0.008054,0.008249,0.008444,0.008639,0.008834,0.009029,0.009224,0.009419,0.009615,0.00981,0.01,0.0102,0.01039,0.01059,0.01079,0.01098,0.01118,0.01137,0.01157,0.01176,0.01196,0.01215,0.01235,0.01254,0.01274,0.01293,0.01313,0.01332,0.01352,0.01371,0.01391,0.0141,0.0143,0.01449,0.01469,0.01488,0.01508,0.01527,0.01547,0.01566,0.01586,0.01605,0.01625,0.01644,0.01664,0.01683,0.01703,0.01722,0.01742,0.01761,0.01781,0.018,0.0182,0.01839,0.01859,0.01878,0.01898,0.01917,0.01937,0.01956,0.01976,0.01995,0.02015,0.02035,0.02054,0.02074,0.02093,0.02113,0.02132,0.02152,0.02171,0.02191,0.0221,0.0223,0.02249,0.02269,0.02288,0.02308,0.02327,0.02347,0.02366,0.02386,0.02405,0.02425,0.02444,0.02464,0.02483,0.02503,0.02522,0.02542,0.02561,0.02581,0.026,0.0262,0.02639,0.02659,0.02678,0.02698,0.02717,0.02737,0.02756,0.02776,0.02795,0.02815,0.02834,0.02854,0.02873,0.02893,0.02912,0.02932,0.02951,0.02971,0.02991,0.0301,0.0303,0.03049,0.03069,0.03088,0.03108,0.03127,0.03147,0.03166,0.03186,0.03205,0.03225,0.03244,0.03264,0.03283,0.03303,0.03322,0.03342,0.03361,0.03381,0.034,0.0342,0.03439,0.03459,0.03478,0.03498,0.03517,0.03537,0.03556,0.03576,0.03595,0.03615,0.03634,0.03654,0.03673,0.03693,0.03712,0.03732,0.03751,0.03771,0.0379,0.0381,0.03829,0.03849,0.03868,0.03888,0.03907,0.03927,0.03946,0.03966,0.03986,0.04005,0.04025,0.04044,0.04064,0.04083,0.04103,0.04122,0.04142,0.04161,0.04181,0.042,0.0422,0.04239,0.04259,0.04278,0.04298,0.04317,0.04337,0.04356,0.04376,0.04395,0.04415,0.04434,0.04454,0.04473,0.04493,0.04512,0.04532,0.04551,0.04571,0.0459,0.0461,0.04629,0.04649,0.04668,0.04688,0.04707,0.04727,0.04746,0.04766,0.04785,0.04805,0.04824,0.04844,0.04863,0.04883,0.04902,0.04922,0.04942,0.04961,0.04981,0.05,0.0502,0.05039,0.05098,0.05117,0.05176,0.05195,0.05254,0.05273,0.05332,0.05351,0.0539,0.0541,0.05429,0.05468,0.05488,0.05507
Standard_Chart_y,0.1105,0.1118,0.1132,0.1145,0.1145,0.1158,0.1172,0.1158,0.1172,0.1185,0.1172,0.1185,0.1199,0.1185,0.1199,0.1185,0.1199,0.1199,0.1212,0.1212,0.1225,0.1239,0.1252,0.1252,0.1266,0.1293,0.1293,0.1306,0.1333,0.1346,0.1346,0.1373,0.1373,0.14,0.1386,0.14,0.144,0.1427,0.144,0.1467,0.1454,0.1494,0.1494,0.1507,0.1534,0.1548,0.1548,0.1574,0.1588,0.1601,0.1628,0.1641,0.1641,0.1655,0.1668,0.1695,0.1722,0.1735,0.1762,0.1789,0.1789,0.1802,0.1829,0.1856,0.187,0.1883,0.1937,0.1937,0.195,0.199,0.2017,0.2044,0.2071,0.2098,0.2138,0.2151,0.2192,0.2245,0.2259,0.2299,0.2312,0.2353,0.2406,0.2447,0.2487,0.254,0.2567,0.2634,0.2688,0.2715,0.2769,0.2795,0.2849,0.2916,0.2956,0.2997,0.3077,0.3104,0.3171,0.3238,0.3278,0.3345,0.3372,0.3439,0.3507,0.3547,0.3614,0.3681,0.3708,0.3788,0.3815,0.3882,0.3949,0.4003,0.403,0.4164,0.4191,0.4244,0.4325,0.4352,0.4419,0.4459,0.4513,0.458,0.4607,0.466,0.4741,0.4768,0.4795,0.4848,0.4902,0.4969,0.4996,0.505,0.5117,0.5143,0.5211,0.5278,0.5304,0.5372,0.5398,0.5439,0.5506,0.5533,0.5586,0.5653,0.5667,0.5734,0.5761,0.5814,0.5868,0.5908,0.5949,0.6016,0.6029,0.6083,0.615,0.619,0.6244,0.6257,0.6311,0.6364,0.6391,0.6432,0.6499,0.6512,0.6566,0.6579,0.6646,0.6687,0.6713,0.6754,0.6807,0.6834,0.6861,0.6928,0.6941,0.6995,0.7009,0.7035,0.7076,0.7102,0.7143,0.7183,0.7196,0.721,0.725,0.7277,0.7317,0.7331,0.7344,0.7398,0.7398,0.7424,0.7451,0.7478,0.7505,0.7505,0.7532,0.7559,0.7572,0.7599,0.7599,0.7639,0.7653,0.7693,0.7693,0.7706,0.7733,0.776,0.7787,0.78,0.7814,0.784,0.7854,0.7867,0.7894,0.7894,0.7921,0.7921,0.7948,0.7988,0.7975,0.7988,0.8015,0.8028,0.8055,0.8069,0.8082,0.8109,0.8122,0.8136,0.8176,0.8162,0.8243,0.8243,0.831,0.8323,0.8377,0.8391,0.8444,0.8471,0.8511,0.8525,0.8525,0.8592,0.8592,0.8605
region,B
Standard_Chart_x,0.003957,0.004152,0.004347,0.004737,0.004932,0.005517,0.005713,0.005908,0.006103,0.006298,0.006493,0.006688,0.006883,0.007273,0.007468,0.007664,0.007859,0.008054,0.008249,0.008444,0.008639,0.008834,0.009029,0.009224,0.009419,0.009615,0.00981,0.01,0.0102,0.01039,0.01059,0.01079,0.01098,0.01118,0.01137,0.01157,0.01176,0.01196,0.01215,0.01235,0.01254,0.01274,0.01293,0.01313,0.01332,0.01352,0.01371,0.01391,0.0141,0.0143,0.01449,0.01469,0.01488,0.01508,0.01527,0.01547,0.01566,0.01586,0.01605,0.01625,0.01644,0.01664,0.01683,0.01703,0.01722,0.01742,0.01761,0.01781,0.018,0.0182,0.01839,0.01859,0.01878,0.01898,0.01917,0.01937,0.01956,0.01976,0.01995,0.02015,0.02035,0.02054,0.02074,0.02093,0.02113,0.02152,0.02171,0.02191,0.0221,0.0223,0.02249,0.02269,0.02288,0.02308,0.02327,0.02347,0.02366,0.02386,0.02405,0.02425,0.02444,0.02464,0.02483,0.02503,0.02522,0.02542,0.02561,0.02581,0.026,0.0262,0.02639,0.02659,0.02678,0.02698,0.02737,0.02756,0.02776,0.02795,0.02834,0.02854,0.02873,0.02893,0.02912,0.02932,0.02951,0.02971,0.0301,0.0303,0.03049,0.03069,0.03108,0.03127,0.03147,0.03166,0.03186,0.03205,0.03225,0.03244,0.03264,0.03283,0.03303,0.03322,0.03342,0.03361,0.03381,0.034,0.0342,0.03439,0.03459,0.03498,0.03517,0.03537,0.03556,0.03615,0.03634,0.03654,0.03673,0.03693,0.03712,0.03732,0.03751,0.03771,0.0381,0.03829,0.03849,0.03868,0.03888,0.03907,0.03927,0.03946,0.03966,0.03986,0.04025,0.04044,0.04064,0.04083,0.04103,0.04142,0.04161,0.04181,0.042,0.04259,0.04278,0.04298,0.04317,0.04337,0.04376,0.04395,0.04415,0.04434,0.04454,0.04493,0.04512,0.04532,0.04551,0.04571,0.04629,0.04649,0.04668,0.04688,0.04707,0.04746,0.04766,0.04785,0.04805,0.04824,0.04863,0.04883,0.04902,0.04922,0.04942,0.05,0.05059,0.05078,0.05098,0.05137,0.05156,0.05215,0.05273,0.05293,0.05332,0.05351,0.0541,0.05429,0.05488,0.05507
Standard_Chart_y,0.1064,0.1051,0.1051,0.1051,0.1064,0.1091,0.1091,0.1091,0.1105,0.1105,0.1105,0.1118,0.1132,0.1172,0.1172,0.1158,0.1158,0.1158,0.1172,0.1185,0.1199,0.1225,0.1239,0.1225,0.1239,0.1252,0.1266,0.1279,0.1293,0.1333,0.1319,0.1333,0.1346,0.1346,0.1373,0.1373,0.1386,0.1413,0.1427,0.1427,0.144,0.1454,0.1467,0.148,0.1494,0.1521,0.1548,0.1534,0.1574,0.1561,0.1601,0.1615,0.1641,0.1641,0.1655,0.1668,0.1695,0.1709,0.1722,0.1762,0.1789,0.1789,0.1789,0.1816,0.1829,0.1856,0.187,0.1937,0.1923,0.1923,0.1963,0.1977,0.2017,0.2004,0.2071,0.2084,0.2098,0.2124,0.2165,0.2151,0.2259,0.2272,0.2272,0.2326,0.2326,0.2433,0.2447,0.2487,0.254,0.2554,0.2648,0.2661,0.2701,0.2742,0.2769,0.2782,0.2876,0.2903,0.293,0.3023,0.3023,0.3064,0.3091,0.3144,0.3211,0.3238,0.3265,0.3332,0.3359,0.3372,0.348,0.3493,0.3547,0.356,0.3708,0.3721,0.3748,0.3802,0.3909,0.3922,0.3976,0.4003,0.4097,0.4124,0.4177,0.4204,0.4312,0.4338,0.4379,0.4405,0.4526,0.4526,0.4567,0.4607,0.4607,0.4728,0.4741,0.4781,0.4808,0.4821,0.4929,0.4956,0.4982,0.5009,0.5036,0.5157,0.517,0.5197,0.5237,0.5358,0.5358,0.5425,0.5439,0.5573,0.5613,0.564,0.5653,0.5761,0.5761,0.5788,0.5828,0.5855,0.5949,0.5989,0.6029,0.6042,0.6056,0.6163,0.6163,0.6217,0.623,0.6244,0.6351,0.6378,0.6418,0.6418,0.6445,0.6525,0.6566,0.6579,0.6593,0.67,0.674,0.6754,0.678,0.6794,0.6888,0.6901,0.6928,0.6955,0.6955,0.7049,0.7062,0.7089,0.7116,0.7143,0.7237,0.7277,0.729,0.7304,0.7317,0.7411,0.7424,0.7424,0.7478,0.7492,0.7559,0.7572,0.7599,0.7626,0.7639,0.772,0.7787,0.78,0.7814,0.7881,0.7894,0.7948,0.8001,0.8015,0.8082,0.8095,0.8162,0.8176,0.8243,0.8256
region,C
Standard_Chart_x,0.003957,0.004152,0.004347,0.004932,0.005517,0.005713,0.005908,0.006103,0.006298,0.006493,0.006688,0.006883,0.007078,0.007273,0.007468,0.007664,0.007859,0.008054,0.008249,0.008444,0.008639,0.008834,0.009029,0.009224,0.009419,0.009615,0.00981,0.01,0.0102,0.01039,0.01059,0.01079,0.01098,0.01118,0.01137,0.01157,0.01176,0.01196,0.01215,0.01235,0.01254,0.01274,0.01293,0.01313,0.01332,0.01352,0.01371,0.01391,0.0141,0.0143,0.01449,0.01469,0.01488,0.01508,0.01527,0.01547,0.01566,0.01586,0.01605,0.01625,0.01644,0.01664,0.01683,0.01703,0.01722,0.01742,0.01761,0.01781,0.018,0.0182,0.01839,0.01859,0.01878,0.01898,0.01917,0.01937,0.01956,0.01976,0.01995,0.02015,0.02035,0.02054,0.02074,0.02093,0.02113,0.02132,0.02152,0.02171,0.02191,0.0221,0.0223,0.02249,0.02269,0.02288,0.02308,0.02327,0.02347,0.02366,0.02386,0.02405,0.02425,0.02444,0.02464,0.02483,0.02503,0.02522,0.02542,0.02561,0.02581,0.026,0.0262,0.02639,0.02659,0.02678,0.02698,0.02717,0.02737,0.02756,0.02776,0.02795,0.02815,0.02834,0.02854,0.02873,0.02893,0.02912,0.02932,0.02951,0.02971,0.02991,0.0301,0.0303,0.03049,0.03069,0.03088,0.03108,0.03127,0.03147,0.03166,0.03186,0.03205,0.03225,0.03244,0.03264,0.03283,0.03303,0.03322,0.03342,0.03361,0.03381,0.034,0.0342,0.03439,0.03459,0.03478,0.03498,0.03517,0.03537,0.03556,0.03576,0.03595,0.03615,0.03634,0.03654,0.03673,0.03693,0.03712,0.03732,0.03751,0.03771,0.0379,0.0381,0.03829,0.03849,0.03868,0.03888,0.03907,0.03927,0.03946,0.03966,0.03986,0.04005,0.04025,0.04044,0.04064,0.04083,0.04103,0.04122,0.04142,0.04161,0.04181,0.042,0.0422,0.04239,0.04259,0.04278,0.04298,0.04317,0.04337,0.04356,0.04376,0.04395,0.04415,0.04434,0.04454,0.04473,0.04493,0.04512,0.04532,0.04551,0.04571,0.0459,0.0461,0.04629,0.04649,0.04668,0.04688,0.04707,0.04727,0.04746,0.04766,0.04785,0.04805,0.04824,0.04844,0.04863,0.04883,0.04902,0.04922,0.04942,0.04961,0.04981,0.05,0.0502,0.05039,0.05098,0.05137,0.05156,0.05195,0.05215,0.05254,0.05273,0.05312,0.05332,0.05371,0.05429,0.05449,0.05468,0.05488
Standard_Chart_y,0.1185,0.1199,0.1199,0.1239,0.1266,0.1279,0.1266,0.1279,0.1293,0.1293,0.1306,0.1293,0.1306,0.1306,0.1319,0.1306,0.1333,0.1346,0.1346,0.136,0.136,0.1386,0.1373,0.14,0.14,0.1427,0.144,0.1454,0.1467,0.1494,0.1507,0.1521,0.1534,0.1548,0.1588,0.1588,0.1615,0.1628,0.1655,0.1668,0.1682,0.1695,0.1709,0.1722,0.1749,0.1776,0.1789,0.1789,0.1829,0.1843,0.187,0.1896,0.191,0.1937,0.195,0.1963,0.199,0.2004,0.2017,0.2057,0.2071,0.2084,0.2098,0.2124,0.2151,0.2165,0.2192,0.2218,0.2218,0.2245,0.2285,0.2299,0.2326,0.2339,0.2366,0.2393,0.242,0.2433,0.2473,0.2487,0.2514,0.2514,0.2554,0.2594,0.2608,0.2634,0.2675,0.2688,0.2728,0.2755,0.2769,0.2809,0.2822,0.2862,0.2903,0.2916,0.2956,0.2983,0.301,0.3023,0.3064,0.3077,0.3117,0.3131,0.3171,0.3211,0.3238,0.3252,0.3305,0.3319,0.3345,0.3359,0.3399,0.3439,0.3453,0.348,0.3507,0.3533,0.3574,0.36,0.3614,0.3654,0.3668,0.3708,0.3735,0.3761,0.3788,0.3829,0.3855,0.3882,0.3896,0.3922,0.3963,0.3976,0.4003,0.4057,0.407,0.4097,0.4151,0.4164,0.4191,0.4204,0.4231,0.4271,0.4298,0.4312,0.4352,0.4365,0.4392,0.4405,0.4446,0.4473,0.4499,0.4526,0.4553,0.458,0.4607,0.4647,0.466,0.4701,0.4701,0.4741,0.4768,0.4795,0.4821,0.4848,0.4875,0.4902,0.4902,0.4942,0.4982,0.5009,0.5036,0.509,0.5103,0.513,0.5184,0.5197,0.5237,0.5251,0.5291,0.5318,0.5345,0.5385,0.5425,0.5439,0.5479,0.5492,0.5533,0.5573,0.5586,0.5627,0.5653,0.568,0.572,0.5774,0.5788,0.5828,0.5841,0.5868,0.5935,0.5949,0.5989,0.6029,0.6042,0.6083,0.6136,0.615,0.619,0.623,0.6271,0.6311,0.6338,0.6378,0.6418,0.6445,0.6485,0.6499,0.6539,0.6593,0.6606,0.6646,0.6687,0.6713,0.6754,0.6794,0.6821,0.6861,0.6874,0.6915,0.6968,0.6982,0.7009,0.7062,0.7089,0.7156,0.7237,0.7263,0.7344,0.7357,0.7411,0.7451,0.7505,0.7532,0.7599,0.7693,0.7706,0.7773,0.78
region,D
Standard_Chart_x,0.004113,0.004308,0.004893,0.005088,0.005478,0.005674,0.005869,0.006064,0.006259,0.006454,0.006649,0.006844,0.007039,0.007234,0.007429,0.007625,0.00782,0.008015,0.00821,0.008405,0.0086,0.008795,0.01016,0.01036,0.01172,0.01192,0.01211,0.01231,0.0125,0.0127,0.01289,0.01309,0.01328,0.01348,0.01367,0.01387,0.01406,0.01426,0.01465,0.01504,0.01523,0.01543,0.01562,0.01582,0.01601,0.01621,0.0164,0.01679,0.01699,0.01718,0.01738,0.01757,0.01777,0.01796,0.01816,0.01836,0.01855,0.01875,0.01894,0.01914,0.01933,0.01953,0.01972,0.01992,0.02011,0.02031,0.0205,0.0207,0.02089,0.02109,0.02128,0.02148,0.02167,0.02187,0.02206,0.02226,0.02245,0.02265,0.02304,0.02323,0.02362,0.02382,0.02401,0.02421,0.0244,0.02499,0.02538,0.02557,0.02577,0.02596,0.02616,0.02635,0.02655,0.02674,0.02694,0.02713,0.02733,0.02752,0.02772,0.02792,0.02811,0.02831,0.0285,0.0287,0.02889,0.02909,0.02928,0.02948,0.02967,0.02987,0.03006,0.03026,0.03143,0.03162,0.03279,0.03299,0.03318,0.03338,0.03357,0.03377,0.03396,0.03416,0.03435,0.03455,0.03474,0.03494,0.03513,0.03533,0.0363,0.0365,0.03767,0.03787,0.03806,0.03826,0.03845,0.03865,0.03884,0.03904,0.03923,0.03943,0.03962,0.03982,0.04001,0.04099,0.04118,0.04235,0.04255,0.04274,0.04294,0.04313,0.04333,0.04352,0.04372,0.04391,0.04411,0.0443,0.0445,0.04567,0.04586,0.04703,0.04723,0.04743,0.04762,0.04782,0.04801,0.04821,0.0484,0.0486,0.04879,0.04899,0.04918,0.04996,0.05016,0.05055,0.05074,0.05113,0.05133,0.05172,0.05191,0.0523,0.0525,0.05308,0.05328,0.05367,0.05386,0.05425,0.05445,0.05484
Standard_Chart_y,0.1199,0.1199,0.1239,0.1239,0.1266,0.1266,0.1293,0.1293,0.1306,0.1306,0.1333,0.1346,0.1346,0.136,0.1373,0.1386,0.1386,0.14,0.1413,0.1427,0.144,0.1454,0.1548,0.1548,0.1682,0.1695,0.1709,0.1722,0.1749,0.1762,0.1789,0.1802,0.1843,0.1829,0.1856,0.1896,0.1896,0.191,0.1923,0.1963,0.1977,0.2057,0.2044,0.2044,0.2071,0.2071,0.2111,0.2138,0.2192,0.2205,0.2218,0.2232,0.2259,0.2272,0.2299,0.2312,0.2339,0.2353,0.2366,0.2406,0.242,0.2433,0.246,0.2487,0.25,0.2527,0.254,0.2567,0.2581,0.2594,0.2634,0.2648,0.2675,0.2688,0.2701,0.2715,0.2728,0.2742,0.2769,0.2795,0.2836,0.2849,0.2889,0.2876,0.2903,0.2956,0.297,0.301,0.301,0.3023,0.3037,0.3064,0.3091,0.3091,0.3104,0.3131,0.3144,0.3158,0.3184,0.3184,0.3211,0.3225,0.3225,0.3265,0.3278,0.3278,0.3292,0.3319,0.3345,0.3372,0.3386,0.3386,0.352,0.3533,0.3681,0.3708,0.3721,0.3748,0.3775,0.3788,0.3815,0.3829,0.3869,0.3882,0.3909,0.3922,0.3963,0.3949,0.4124,0.4124,0.4298,0.4298,0.4338,0.4365,0.4379,0.4405,0.4432,0.4446,0.4486,0.4499,0.4526,0.454,0.4567,0.4728,0.4728,0.4902,0.4929,0.4942,0.4969,0.4982,0.5023,0.505,0.509,0.5117,0.5143,0.517,0.5197,0.5412,0.5398,0.5573,0.5613,0.564,0.5667,0.5694,0.572,0.5734,0.5788,0.5801,0.5841,0.5841,0.5868,0.6016,0.6016,0.6096,0.611,0.6177,0.6203,0.6271,0.6297,0.6351,0.6378,0.6485,0.6485,0.6566,0.6579,0.666,0.6673,0.6727
region,E
Standard_Chart_x,0.004113,0.004308,0.004698,0.004893,0.005088,0.005478,0.005674,0.005869,0.006064,0.006259,0.006454,0.006649,0.006844,0.007039,0.007234,0.007429,0.007625,0.00782,0.008015,0.00821,0.008405,0.0086,0.008795,0.00899,0.009185,0.00938,0.009576,0.009771,0.009966,0.01016,0.01036,0.01055,0.01075,0.01094,0.01114,0.01133,0.01153,0.01172,0.01192,0.01211,0.01231,0.0125,0.0127,0.01289,0.01309,0.01328,0.01348,0.01367,0.01387,0.01406,0.01426,0.01445,0.01465,0.01484,0.01504,0.01523,0.01543,0.01562,0.01582,0.01601,0.01621,0.0164,0.0166,0.01679,0.01699,0.01718,0.01738,0.01757,0.01777,0.01796,0.01816,0.01836,0.01855,0.01875,0.01894,0.01914,0.01933,0.01953,0.01972,0.01992,0.02011,0.02031,0.0205,0.0207,0.02089,0.02109,0.02128,0.02148,0.02167,0.02187,0.02206,0.02226,0.02245,0.02265,0.02284,0.02304,0.02323,0.02343,0.02362,0.02382,0.02401,0.02421,0.0244,0.0246,0.02479,0.02499,0.02518,0.02538,0.02557,0.02577,0.02596,0.02616,0.02635,0.02655,0.02674,0.02694,0.02713,0.02733,0.02752,0.02772,0.02792,0.02811,0.02831,0.0285,0.0287,0.02889,0.02909,0.02928,0.02948,0.02967,0.02987,0.03006,0.03026,0.03045,0.03065,0.03084,0.03104,0.03123,0.03143,0.03162,0.03182,0.03201,0.03221,0.0324,0.0326,0.03279,0.03299,0.03318,0.03338,0.03357,0.03377,0.03396,0.03416,0.03435,0.03455,0.03474,0.03494,0.03513,0.03533,0.03552,0.03572,0.03591,0.03611,0.0363,0.0365,0.03669,0.03689,0.03708,0.03728,0.03747,0.03767,0.03787,0.03806,0.03826,0.03845,0.03865,0.03884,0.03904,0.03923,0.03943,0.03962,0.03982,0.04001,0.04021,0.0404,0.0406,0.04079,0.04099,0.04118,0.04138,0.04157,0.04177,0.04196,0.04216,0.04235,0.04255,0.04274,0.04294,0.04313,0.04333,0.04352,0.04372,0.04391,0.04411,0.0443,0.0445,0.04469,0.04489,0.04508,0.04528,0.04547,0.04567,0.04586,0.04606,0.04625,0.04645,0.04664,0.04684,0.04703,0.04723,0.04743,0.04762,0.04782,0.04801,0.04821,0.0484,0.0486,0.04879,0.04899,0.04918,0.04938,0.04957,0.04977,0.04996,0.05016,0.05035,0.05094,0.05113,0.05152,0.05172,0.05211,0.0523,0.05289,0.05347,0.05406,0.05425,0.05464,0.05484
Standard_Chart_y,0.1279,0.1279,0.1319,0.1319,0.1333,0.136,0.136,0.1386,0.14,0.14,0.14,0.1427,0.1427,0.144,0.1454,0.144,0.1467,0.1454,0.1494,0.1494,0.1507,0.1521,0.1534,0.1534,0.1561,0.1561,0.1588,0.1601,0.1601,0.1641,0.1641,0.1655,0.1695,0.1695,0.1722,0.1735,0.1749,0.1789,0.1802,0.1816,0.1843,0.187,0.187,0.1896,0.1923,0.195,0.195,0.1977,0.2004,0.2031,0.2044,0.2084,0.2098,0.2111,0.2138,0.2151,0.2192,0.2192,0.2205,0.2232,0.2245,0.2272,0.2299,0.2312,0.2339,0.2353,0.2366,0.2393,0.2406,0.2433,0.2447,0.2473,0.2487,0.25,0.2514,0.254,0.2554,0.2567,0.2594,0.2608,0.2634,0.2661,0.2648,0.2661,0.2688,0.2701,0.2728,0.2728,0.2742,0.2782,0.2782,0.2795,0.2795,0.2836,0.2836,0.2849,0.2862,0.2876,0.2903,0.2903,0.2916,0.2943,0.2943,0.2956,0.2983,0.297,0.2997,0.2997,0.3037,0.3023,0.3037,0.3064,0.305,0.3091,0.3077,0.3104,0.3117,0.3144,0.3131,0.3158,0.3171,0.3184,0.3198,0.3184,0.3225,0.3238,0.3238,0.3265,0.3278,0.3278,0.3292,0.3292,0.3332,0.3319,0.3332,0.3345,0.3359,0.3372,0.3399,0.3386,0.3399,0.3426,0.3426,0.3453,0.3439,0.3453,0.3466,0.348,0.3493,0.3507,0.3507,0.3533,0.3533,0.3533,0.356,0.3574,0.3574,0.3587,0.3587,0.3587,0.3614,0.3614,0.3627,0.3641,0.3654,0.3654,0.3681,0.3681,0.3681,0.3708,0.3721,0.3735,0.3735,0.3748,0.3775,0.3775,0.3788,0.3815,0.3829,0.3829,0.3842,0.3869,0.3882,0.3882,0.3922,0.3936,0.3936,0.3949,0.3976,0.4003,0.4016,0.403,0.4057,0.4083,0.4097,0.4124,0.4151,0.4151,0.4177,0.4191,0.4218,0.4231,0.4244,0.4298,0.4298,0.4325,0.4338,0.4365,0.4379,0.4405,0.4432,0.4473,0.4499,0.4499,0.4553,0.454,0.458,0.458,0.462,0.4647,0.466,0.4687,0.4714,0.4728,0.4741,0.4795,0.4795,0.4808,0.4848,0.4862,0.4902,0.4889,0.4915,0.4956,0.4982,0.4982,0.5063,0.5076,0.5143,0.5143,0.5211,0.5224,0.5291,0.5358,0.5412,0.5439,0.5492,0.5506
sheet,HHS
condition,300.0,130.0,FALSE
brightness,0,1.3
brightness,1,1.1
brightness,2,0.9
brightness,3,0.7
brightness,4,0.5
brightness,5,0.3
brightness,6,0.1
Standard_Chart_x,137.0,138.1,139.2,140.2,141.3,142.4,143.4,144.5,145.6,146.6,147.7,148.8,149.9,150.9,152.0,153.1,154.1,155.2,156.3,157.3,158.4,159.5,160.5,161.6,162.7,163.7,164.8,165.9,167.0,168.0,169.1,170.2,171.2,172.3,173.4,174.4,175.5,176.6,177.6,178.7,179.8,180.8,181.9,183.0,184.1,185.1,186.2,187.3,188.3,189.4,190.5,191.5,192.6,193.7,194.7,195.8,196.9,197.9,199.0,200.1,201.1,202.2,203.3,204.4,205.4,206.5,207.6,208.6,209.7,210.8,211.8,212.9,214.0,215.0,216.1,217.2,218.2,219.3,220.4,221.5,222.5,223.6,224.7,225.7,226.8,227.9,228.9,230.0,231.1,232.1,233.2,235.3,236.4,237.5,239.6,240.7,241.8,242.8,243.9,245.0,246.0,247.1,248.2,249.2,250.3,251.4,252.4,253.5,254.6,256.7,257.8,258.9,259.9,261.0,262.1,263.1,265.3,266.3,267.4,269.5,270.6,271.7,272.7,273.8,274.9,276.0,277.0,278.1,279.2,280.2,281.3,282.4,283.4,284.5,285.6,286.6,287.7,288.8,289.8,292.0,293.1,294.1,295.2,296.3,297.3,298.4,299.5,300.5
Standard_Chart_y,0.497,0.5088,0.5166,0.5205,0.5264,0.5322,0.5361,0.542,0.5459,0.5518,0.5596,0.5674,0.5694,0.5752,0.5791,0.585,0.5889,0.5948,0.6026,0.6065,0.6084,0.6124,0.6182,0.6221,0.626,0.6299,0.6339,0.6436,0.6475,0.6514,0.6553,0.6593,0.6632,0.6632,0.669,0.6768,0.6788,0.6827,0.6866,0.6886,0.6925,0.6944,0.6964,0.7003,0.7081,0.7101,0.714,0.7159,0.7198,0.7257,0.7257,0.7316,0.7355,0.7394,0.7413,0.7452,0.7472,0.7492,0.7531,0.755,0.7589,0.7628,0.7628,0.7648,0.7707,0.7687,0.7726,0.7765,0.7785,0.7843,0.7863,0.7882,0.7902,0.7941,0.7922,0.7961,0.798,0.8019,0.8058,0.8078,0.8097,0.8117,0.8136,0.8136,0.8156,0.8176,0.8215,0.8254,0.8234,0.8273,0.8293,0.8312,0.8332,0.8351,0.8391,0.8371,0.841,0.843,0.841,0.8469,0.8449,0.8488,0.8508,0.8488,0.8547,0.8527,0.8547,0.8586,0.8566,0.8606,0.8625,0.8606,0.8625,0.8645,0.8664,0.8645,0.8684,0.8703,0.8684,0.8723,0.8742,0.8723,0.8742,0.8762,0.8781,0.8762,0.8781,0.8762,0.8781,0.8762,0.8821,0.8801,0.8821,0.8801,0.8821,0.8801,0.8821,0.8801,0.8821,0.884,0.886,0.884,0.886,0.884,0.886,0.884,0.886,0.884
sheet,HS 持続圧
condition,130.0,50.0,TRUE
brightness,0,1.3
brightness,1,1.1
brightness,2,0.9
brightness,3,0.7
brightness,4,0.5
brightness,5,0.3
brightness,6,0.1
line,0,-0.5914,62.0
region,A
Standard_Chart_x,45.78,46.16,46.54,46.92,48.06,48.44,48.82,49.2,49.58,49.96,50.34,50.72,51.1,51.48,51.86,52.24,52.62,53.01,53.39,53.77,54.15,54.53,54.91,55.29,55.67,56.05,56.43,56.81,57.19,57.57,57.95,58.33,58.71,59.09,59.47,59.86,60.24,60.62,61.0,61.38,61.76,62.14,62.52,62.9,63.28,63.66,64.04,64.42,64.8,65.18,65.56,65.94,66.32,66.71,67.09,67.47,67.85,68.23,68.61,68.99,69.37,69.75,70.13,70.51,70.89,71.27,71.65,72.03,72.41,72.79,73.17,73.56,73.94,74.32,74.7,75.08,75.46,75.84,76.22,76.6,76.98,77.36,77.74,78.12,78.5,78.88,79.26,79.64,80.02,80.41,80.79,81.17,81.55,81.93,82.31,82.69,83.07,83.45,83.83,84.21,84.59,84.97,85.35,85.73,86.11,86.49,86.87,87.25,87.64,88.02,88.4,88.78,89.16,89.54,89.92,90.3,90.68,91.06,91.44,91.82,92.2,92.58,92.96,93.34,93.72,94.1,94.49,94.87,95.25,95.63,96.01,96.39,96.77,97.15,97.53,97.91,98.29,98.67,99.05,99.43,99.81,100.2,100.6,101.0,101.3,101.7,102.1,102.5,102.9,103.2,103.6,104.0,104.4,104.8,105.1,105.5,105.9,106.3,106.7,107.0,107.4,107.8,108.2,108.6,108.9,109.3,109.7,110.1,110.5,110.8,111.2,111.6,112.0,112.4,112.8,113.1,113.5,113.9,114.3,114.7,115.0,115.4,115.8,116.2,116.6,116.9,117.3,117.7,118.1,118.5,118.8,119.2,119.6,120.0,120.4,120.7,121.1,121.5,121.9,122.3,122.6,123.0,123.4,123.8,124.2,124.5,124.9,125.3,125.7,126.1,126.5,126.8,127.2,127.6,128.0,128.4,128.7,129.1,129.5,129.9,130.6,131.0,131.4,132.2,132.5,132.9,133.7,134.1,134.4,134.8,135.6,136.0,136.3,136.7,137.1,137.5,137.9,138.2,139.0,139.4,139.8,140.2
Standard_Chart_y,0.1476,0.151,0.1561,0.1544,0.1662,0.1696,0.173,0.1746,0.1763,0.1814,0.1848,0.1882,0.1915,0.1949,0.1949,0.1983,0.2051,0.2034,0.2084,0.2135,0.2152,0.2169,0.2203,0.2237,0.2287,0.2304,0.2338,0.2389,0.2406,0.2422,0.249,0.2507,0.2541,0.2558,0.2575,0.2642,0.2659,0.2676,0.271,0.2744,0.2777,0.2794,0.2828,0.2896,0.2913,0.2946,0.298,0.2997,0.3031,0.3098,0.3098,0.3149,0.3166,0.32,0.3251,0.3267,0.3284,0.3352,0.3386,0.3386,0.342,0.347,0.3504,0.3538,0.3572,0.3606,0.3639,0.3673,0.3724,0.3741,0.3791,0.3808,0.3842,0.3893,0.391,0.3927,0.3994,0.4011,0.4045,0.4096,0.4113,0.4163,0.4197,0.4231,0.4282,0.4298,0.4332,0.4383,0.44,0.4434,0.4484,0.4518,0.4569,0.4603,0.462,0.467,0.4704,0.4738,0.4805,0.4822,0.4856,0.489,0.4924,0.4991,0.5008,0.5059,0.511,0.5143,0.5194,0.5211,0.5262,0.5329,0.5346,0.538,0.5448,0.5465,0.5532,0.5583,0.5617,0.5667,0.5701,0.5735,0.582,0.5836,0.5904,0.5972,0.5989,0.6039,0.6073,0.6124,0.6191,0.6225,0.6293,0.6343,0.636,0.6428,0.6512,0.6529,0.658,0.6614,0.6681,0.6732,0.6766,0.6817,0.6901,0.6918,0.6986,0.7003,0.707,0.7138,0.7172,0.7239,0.7307,0.7341,0.7374,0.7459,0.751,0.7543,0.7594,0.7645,0.7712,0.7763,0.7814,0.7881,0.7915,0.7983,0.8,0.8084,0.8152,0.8186,0.8253,0.8321,0.8355,0.8422,0.849,0.8524,0.8591,0.8625,0.8693,0.8777,0.8811,0.8879,0.8946,0.8963,0.9048,0.9132,0.9149,0.925,0.9267,0.9335,0.9419,0.9453,0.9538,0.9622,0.9656,0.9741,0.9757,0.9825,0.9893,0.9943,1.001,1.01,1.013,1.018,1.026,1.03,1.037,1.04,1.047,1.055,1.059,1.065,1.072,1.075,1.082,1.086,1.092,1.099,1.102,1.109,1.123,1.128,1.131,1.145,1.148,1.153,1.168,1.172,1.179,1.182,1.192,1.199,1.206,1.209,1.219,1.224,1.226,1.233,1.246,1.251,1.255,1.258
region,B
Standard_Chart_x,46.16,46.54,46.92,47.3,47.68,48.82,49.2,49.58,49.96,50.34,50.72,51.1,51.48,51.86,52.24,52.62,53.01,53.39,53.77,54.15,54.53,54.91,55.29,55.67,56.05,56.43,56.81,57.19,57.57,57.95,58.33,58.71,59.09,59.47,59.86,60.24,60.62,61.0,61.38,61.76,62.14,62.52,62.9,63.28,63.66,64.04,64.42,64.8,65.18,65.56,65.94,66.32,66.71,67.09,67.47,67.85,68.23,68.61,68.99,69.37,69.75,70.13,70.51,70.89,71.27,71.65,72.03,72.41,72.79,73.17,73.56,73.94,74.32,74.7,75.08,75.46,75.84,76.22,76.6,76.98,77.36,77.74,78.12,78.5,78.88,79.26,79.64,80.02,80.41,80.79,81.17,81.55,81.93,82.31,82.69,83.07,83.45,83.83,84.21,84.59,84.97,85.35,85.73,86.11,86.49,86.87,87.25,87.64,88.02,88.4,88.78,89.16,89.54,89.92,90.3,90.68,91.06,91.44,91.82,92.2,92.58,92.96,93.34,93.72,94.1,94.49,94.87,95.25,95.63,96.01,96.39,96.77,97.15,97.53,97.91,98.29,98.67,99.05,99.43,99.81,100.2,100.6,101.0,101.3,101.7,102.1,102.5,102.9,103.2,103.6,104.0,104.4,104.8,105.1,105.5,105.9,106.3,106.7,107.0,107.4,107.8,108.2,108.6,108.9,109.3,109.7,110.1,110.5,110.8,111.2,111.6,112.0,112.4,112.8,113.1,113.5,113.9,114.3,114.7,115.0,115.4,115.8,116.2,116.6,116.9,117.3,117.7,118.1,118.5,118.8,119.2,119.6,120.0,120.4,120.7,121.1,121.5,121.9,122.3,122.6,123.0,123.4,123.8,124.2,124.5,124.9,125.3,125.7,126.1,126.5,126.8,127.2,127.6,128.0,128.4,128.7,129.1,129.5,129.9,130.3,130.6,131.0,131.4,131.8,132.2,132.9,133.3,133.7,134.1,134.8,135.2,135.6,136.0,136.7,137.1,137.5,137.9,138.2,138.6,139.0,139.4,139.8,140.2
Standard_Chart_y,0.1273,0.1307,0.1324,0.1341,0.1375,0.1442,0.1476,0.1476,0.1527,0.1544,0.1577,0.1594,0.1628,0.1645,0.1662,0.1713,0.173,0.1746,0.178,0.1797,0.1831,0.1848,0.1865,0.1915,0.1932,0.1949,0.1966,0.2,0.2034,0.2068,0.2101,0.2118,0.2135,0.2152,0.2203,0.222,0.2237,0.2287,0.227,0.2321,0.2321,0.2355,0.2406,0.2422,0.2439,0.249,0.2507,0.2541,0.2575,0.2575,0.2625,0.2608,0.2659,0.2693,0.2727,0.2744,0.2794,0.2811,0.2845,0.2828,0.2862,0.2913,0.2929,0.2963,0.2997,0.3031,0.3048,0.3098,0.3115,0.3132,0.3166,0.3183,0.3234,0.3251,0.3284,0.3318,0.3301,0.3352,0.3403,0.3403,0.347,0.3487,0.3487,0.3555,0.3572,0.3589,0.3639,0.3656,0.3673,0.3707,0.3741,0.3791,0.3808,0.3825,0.3876,0.391,0.3927,0.3977,0.3977,0.4011,0.4045,0.4079,0.4129,0.4146,0.418,0.4231,0.4248,0.4282,0.4298,0.4332,0.4383,0.4417,0.4451,0.4484,0.4518,0.4535,0.4603,0.462,0.467,0.4687,0.4721,0.4772,0.4805,0.4839,0.489,0.4924,0.4958,0.4991,0.5025,0.5093,0.511,0.5143,0.5211,0.5228,0.5262,0.5313,0.5346,0.5397,0.5414,0.5465,0.5515,0.5549,0.5566,0.5651,0.5667,0.5718,0.5735,0.5786,0.5836,0.5853,0.5904,0.5972,0.5989,0.6039,0.609,0.6107,0.6158,0.6191,0.6242,0.6293,0.631,0.636,0.6428,0.6462,0.6496,0.6529,0.6563,0.6631,0.6648,0.6698,0.6766,0.68,0.685,0.6901,0.6918,0.6986,0.7003,0.7053,0.7104,0.7138,0.7172,0.7239,0.7273,0.7307,0.7358,0.7408,0.7459,0.7476,0.751,0.7594,0.7611,0.7662,0.7712,0.7763,0.7797,0.7831,0.7865,0.7949,0.7966,0.8,0.8084,0.8101,0.8135,0.8203,0.8219,0.8287,0.8321,0.8355,0.8422,0.8456,0.849,0.8574,0.8591,0.8625,0.8676,0.871,0.8777,0.8794,0.8845,0.8879,0.898,0.8997,0.9048,0.9064,0.9098,0.9217,0.9284,0.9318,0.9335,0.9453,0.9487,0.9521,0.9572,0.969,0.9707,0.9774,0.9808,0.9825,0.9926,0.9943,0.9977,1.003,1.004
sheet,HS 瞬間圧
condition,130.0,50.0,TRUE
brightness,0,1.3
brightness,1,1.1
brightness,2,0.9
brightness,3,0.7
brightness,4,0.5
brightness,5,0.3
brightness,6,0.1
line,0,-0.5714,59.8
region,A
Standard_Chart_x,46.17,46.55,46.93,47.31,48.07,48.44,48.82,49.2,49.58,50.34,50.72,51.1,51.48,51.86,52.24,52.61,52.99,53.37,53.75,54.13,54.51,54.89,55.27,55.65,56.03,56.41,56.79,57.16,57.54,57.92,58.3,58.68,59.06,59.44,59.82,60.2,60.58,60.96,61.33,61.71,62.09,62.47,62.85,63.23,63.61,63.99,64.37,64.75,65.13,65.5,65.88,66.26,66.64,67.02,67.4,67.78,68.16,68.54,68.92,69.3,69.67,70.05,70.43,70.81,71.19,71.57,71.95,72.33,72.71,73.09,73.47,73.84,74.22,74.6,74.98,75.36,75.74,76.12,76.5,76.88,77.26,77.64,78.02,78.39,78.77,79.15,79.53,79.91,80.29,80.67,81.05,81.43,81.81,82.19,82.56,82.94,83.32,83.7,84.08,84.46,84.84,85.22,85.6,85.98,86.36,86.73,87.11,87.49,87.87,88.25,88.63,89.01,89.39,89.77,90.15,90.53,90.9,91.28,91.66,92.04,92.42,92.8,93.18,93.56,93.94,94.32,94.7,95.07,95.45,95.83,96.21,96.59,96.97,97.35,97.73,98.11,98.49,98.87,99.25,99.62,100.0,100.4,100.8,101.1,101.5,101.9,102.3,102.7,103.0,103.4,103.8,104.2,104.6,104.9,105.3,105.7,106.1,106.4,106.8,107.2,107.6,108.0,108.3,108.7,109.1,109.5,109.9,110.2,110.6,111.0,111.4,111.8,112.1,112.5,112.9,113.3,113.7,114.0,114.4,114.8,115.2,115.5,115.9,116.3,116.7,117.1,117.4,117.8,118.2,118.6,119.0,119.3,119.7,120.1,120.5,120.9,121.2,121.6,122.0,122.4,122.7,123.1,123.5,123.9,124.3,124.6,125.0,125.4,125.8,126.2,126.5,126.9,127.3,127.7,128.1,128.4,128.8,129.2,129.6,130.0,130.7,131.1,131.5,131.8,132.6,133.0,133.4,133.7,134.1,135.3,135.6,136.0,136.4,136.8,137.5,137.9,138.3,138.7,139.1
Standard_Chart_y,0.2393,0.241,0.241,0.2427,0.2529,0.2529,0.2563,0.258,0.2614,0.2681,0.2715,0.2732,0.2749,0.2766,0.2834,0.2834,0.2851,0.2885,0.2918,0.2935,0.2952,0.3003,0.3037,0.3054,0.3071,0.3122,0.3105,0.3155,0.3189,0.3223,0.3257,0.3274,0.3291,0.3342,0.3359,0.3393,0.3426,0.346,0.3477,0.3477,0.3528,0.3562,0.3596,0.3596,0.3664,0.368,0.3714,0.3748,0.3748,0.3799,0.3833,0.385,0.3901,0.3918,0.3918,0.3985,0.3968,0.4019,0.4036,0.407,0.4121,0.4138,0.4155,0.4222,0.4239,0.4273,0.4307,0.4341,0.4375,0.4392,0.4409,0.4476,0.4493,0.4527,0.4561,0.4595,0.4612,0.4663,0.468,0.473,0.4747,0.4781,0.4832,0.4849,0.49,0.4951,0.4967,0.5001,0.5035,0.5052,0.5103,0.5137,0.5188,0.5221,0.5238,0.5272,0.534,0.534,0.5391,0.5408,0.5459,0.5492,0.5526,0.5543,0.5611,0.5628,0.5662,0.5696,0.573,0.578,0.5797,0.5831,0.5899,0.5916,0.595,0.6,0.6034,0.6068,0.6085,0.6119,0.617,0.6187,0.6238,0.6288,0.6305,0.6339,0.6373,0.6424,0.6475,0.6492,0.6525,0.6593,0.661,0.6661,0.6695,0.6712,0.6746,0.6779,0.6796,0.6864,0.6898,0.6915,0.6983,0.7,0.7033,0.7067,0.7101,0.7169,0.7169,0.722,0.7271,0.7287,0.7338,0.7389,0.7406,0.7457,0.7474,0.7508,0.7558,0.7592,0.7609,0.766,0.7694,0.7728,0.7762,0.7796,0.7863,0.788,0.7914,0.7965,0.7999,0.8033,0.81,0.8117,0.8168,0.8185,0.8219,0.827,0.8304,0.832,0.8388,0.8405,0.8439,0.849,0.8507,0.8558,0.8591,0.8608,0.8659,0.8693,0.871,0.8778,0.8795,0.8829,0.8845,0.8862,0.8913,0.8947,0.8964,0.9032,0.9049,0.9083,0.9116,0.9133,0.9184,0.9201,0.9235,0.9286,0.9303,0.9337,0.937,0.9404,0.9421,0.9455,0.9472,0.954,0.9557,0.9574,0.9624,0.9658,0.9726,0.9726,0.976,0.9794,0.9862,0.9878,0.9912,0.9963,0.998,1.006,1.012,1.013,1.017,1.018,1.025,1.03,1.032,1.035,1.037
region,B
Standard_Chart_x,46.17,46.55,46.93,47.31,47.69,48.82,49.2,49.58,49.96,50.34,50.72,51.1,51.48,51.86,52.24,52.61,52.99,53.37,53.75,54.13,54.51,54.89,55.27,55.65,56.03,56.41,56.79,57.16,57.54,57.92,58.3,58.68,59.06,59.44,59.82,60.2,60.58,60.96,61.33,61.71,62.09,62.47,62.85,63.23,63.61,63.99,64.37,64.75,65.13,65.5,65.88,66.26,66.64,67.02,67.4,67.78,68.16,68.54,68.92,69.3,69.67,70.05,70.43,70.81,71.19,71.57,71.95,72.33,72.71,73.09,73.47,73.84,74.22,74.6,74.98,75.36,75.74,76.12,76.5,76.88,77.26,77.64,78.02,78.39,78.77,79.15,79.53,79.91,80.29,80.67,81.05,81.43,81.81,82.19,82.56,82.94,83.32,83.7,84.08,84.46,84.84,85.22,85.6,85.98,86.36,86.73,87.11,87.49,87.87,88.25,88.63,89.01,89.39,89.77,90.15,90.53,90.9,91.28,91.66,92.04,92.42,92.8,93.18,93.56,93.94,94.32,94.7,95.07,95.45,95.83,96.21,96.59,96.97,97.35,97.73,98.11,98.49,98.87,99.25,99.62,100.0,100.4,100.8,101.1,101.5,101.9,102.3,102.7,103.0,103.4,103.8,104.2,104.6,104.9,105.3,105.7,106.1,106.4,106.8,107.2,107.6,108.0,108.3,108.7,109.1,109.5,109.9,110.2,110.6,111.0,111.4,111.8,112.1,112.5,112.9,113.3,113.7,114.0,114.4,114.8,115.2,115.5,115.9,116.3,116.7,117.1,117.4,117.8,118.2,118.6,119.0,119.3,119.7,120.1,120.5,120.9,121.2,121.6,122.0,122.4,122.7,123.1,123.5,123.9,124.3,124.6,125.0,125.4,125.8,126.2,126.5,126.9,127.3,127.7,128.1,128.4,128.8,129.2,129.6,130.0,130.7,131.1,131.5,131.8,132.2,133.4,133.7,134.1,134.5,134.9,135.6,136.0,136.4,136.8,137.2,137.5,138.3,138.7,139.1,139.4,139.8,140.2
Standard_Chart_y,0.1987,0.2004,0.2021,0.2055,0.2089,0.2156,0.2207,0.219,0.2241,0.2258,0.2292,0.2309,0.2343,0.2343,0.2376,0.241,0.2427,0.2478,0.2461,0.2512,0.2529,0.2546,0.2597,0.2614,0.263,0.2647,0.2681,0.2698,0.2749,0.2766,0.28,0.2783,0.2834,0.2868,0.2901,0.2901,0.2969,0.2952,0.2986,0.3003,0.3037,0.3088,0.3088,0.3105,0.3139,0.3172,0.3189,0.3206,0.324,0.3274,0.3291,0.3308,0.3359,0.3359,0.3393,0.3409,0.346,0.3477,0.3477,0.3528,0.3545,0.3579,0.3596,0.3647,0.3664,0.368,0.3697,0.3731,0.3765,0.3782,0.3799,0.385,0.3867,0.3884,0.3901,0.3934,0.3968,0.4002,0.4002,0.4053,0.4087,0.4087,0.4121,0.4155,0.4172,0.4222,0.4239,0.4256,0.4273,0.429,0.4341,0.4358,0.4375,0.4426,0.4459,0.4459,0.4476,0.451,0.4544,0.4561,0.4595,0.4629,0.4663,0.4663,0.473,0.473,0.4764,0.4781,0.4815,0.4849,0.4866,0.49,0.4934,0.4967,0.4967,0.5001,0.5035,0.5035,0.5086,0.5103,0.5154,0.5171,0.5188,0.5238,0.5272,0.5272,0.5289,0.5323,0.534,0.5374,0.5408,0.5442,0.5475,0.5492,0.5526,0.5543,0.5594,0.5577,0.5628,0.5662,0.5679,0.5713,0.5746,0.578,0.578,0.5814,0.5831,0.5899,0.5882,0.5916,0.595,0.5984,0.6,0.6051,0.6068,0.6102,0.6085,0.6136,0.617,0.6204,0.6221,0.6254,0.6288,0.6305,0.6322,0.6356,0.6407,0.6424,0.6441,0.6492,0.6475,0.6525,0.6542,0.6576,0.661,0.6644,0.6661,0.6695,0.6729,0.6746,0.6796,0.6796,0.683,0.6864,0.6881,0.6915,0.6932,0.6966,0.6983,0.7017,0.7033,0.7084,0.7101,0.7152,0.7169,0.7169,0.7203,0.7237,0.7271,0.7304,0.7338,0.7338,0.7406,0.7406,0.744,0.7457,0.7474,0.7525,0.7542,0.7575,0.7609,0.7626,0.7643,0.7677,0.7694,0.7745,0.7779,0.7779,0.7796,0.7829,0.7914,0.7914,0.7965,0.7965,0.7999,0.8083,0.81,0.8134,0.8168,0.8185,0.827,0.8287,0.8304,0.8354,0.8337,0.8371,0.8439,0.8473,0.849,0.8524,0.8558,0.8575
sheet,LLW 持続圧
condition,2.5,0.5,TRUE
brightness,0,1.5
brightness,1,1.3
brightness,2,1.1
brightness,3,0.9
brightness,4,0.7
brightness,5,0.5
brightness,6,0.3
brightness,7,0.1
line,0,-0.8571,92.5
line,1,-1.0714,81.5
line,2,-0.6286,53.0
region,A
Standard_Chart_x,0.2591,0.2691,0.2792,0.2892,0.3192,0.3293,0.3393,0.3493,0.3694,0.3794,0.3894,0.3994,0.4094,0.4295,0.4395,0.4495,0.4596,0.4896,0.5097,0.5197,0.5297,0.5397,0.5498,0.5598,0.5698,0.5798,0.5898,0.5999,0.6099,0.6199,0.6299,0.64,0.65,0.66,0.67,0.68,0.6901,0.7001,0.7101,0.7201,0.7302,0.7402,0.7502,0.7602,0.7702,0.7803,0.7903,0.8003,0.8103,0.8204,0.8304,0.8404,0.8504,0.8604,0.8705,0.8805,0.8905,0.9005,0.9106,0.9206,0.9306,0.9406,0.9506,0.9607,0.9707,0.9807,0.9907,1.001,1.011,1.021,1.031,1.041,1.051,1.061,1.071,1.081,1.091,1.101,1.111,1.121,1.131,1.141,1.151,1.161,1.171,1.181,1.191,1.201,1.211,1.221,1.231,1.241,1.251,1.261,1.271,1.281,1.291,1.301,1.311,1.321,1.331,1.342,1.352,1.362,1.372,1.382,1.392,1.402,1.412,1.422,1.432,1.442,1.452,1.462,1.472,1.482,1.492,1.502,1.512,1.522,1.532,1.542,1.552,1.562,1.572,1.582,1.592,1.602,1.612,1.622,1.632,1.642,1.652,1.662,1.672,1.682,1.692,1.702,1.712,1.722,1.732,1.742,1.752,1.762,1.772,1.782,1.793,1.803,1.813,1.823,1.833,1.843,1.853,1.863,1.873,1.883,1.893,1.903,1.913,1.923,1.933,1.943,1.953,1.963,1.973,1.983,1.993,2.003,2.013,2.023,2.033,2.043,2.053,2.063,2.073,2.083,2.093,2.103,2.113,2.123,2.133,2.143,2.153,2.163,2.173,2.183,2.193,2.203,2.213,2.223,2.233,2.244,2.254,2.264,2.274,2.284,2.294,2.304,2.314,2.324,2.334,2.344,2.354,2.364,2.374,2.384,2.394,2.404,2.414,2.424,2.434,2.444,2.454,2.464,2.474,2.484,2.494,2.504,2.534,2.544,2.554,2.564,2.584,2.594,2.604,2.614,2.624,2.644,2.654,2.664,2.674,2.695,2.705,2.715,2.725,2.755,2.765,2.775,2.785,2.795,2.815,2.825,2.835,2.845,2.855,2.885,2.895,2.905,2.915,2.945,2.955,2.965,2.975,2.985
Standard_Chart_y,0.118,0.1217,0.1235,0.1253,0.1382,0.1382,0.1437,0.1473,0.1565,0.1583,0.162,0.1638,0.1675,0.1804,0.184,0.184,0.1895,0.2005,0.2097,0.2189,0.2207,0.2244,0.2262,0.2317,0.2335,0.2372,0.2427,0.2537,0.2574,0.2592,0.2629,0.2684,0.2721,0.2776,0.2812,0.2867,0.2959,0.2996,0.3014,0.3051,0.3124,0.3161,0.3198,0.3271,0.3363,0.3399,0.3473,0.3509,0.3564,0.3601,0.3638,0.3693,0.3748,0.3858,0.3894,0.395,0.4005,0.4041,0.4096,0.4133,0.4225,0.4335,0.439,0.4426,0.4481,0.4518,0.4591,0.4646,0.4683,0.4738,0.4885,0.494,0.4977,0.5068,0.5105,0.516,0.5233,0.5288,0.5398,0.5472,0.5527,0.5582,0.5655,0.5729,0.582,0.5857,0.593,0.6059,0.6114,0.6187,0.6279,0.6316,0.6371,0.6444,0.6536,0.6664,0.6719,0.6774,0.6847,0.6902,0.6976,0.7068,0.7141,0.7269,0.7324,0.7379,0.7434,0.7526,0.7599,0.7654,0.7728,0.7783,0.793,0.8003,0.8058,0.8113,0.8186,0.8241,0.8315,0.8388,0.8517,0.859,0.8645,0.8718,0.8773,0.8847,0.8902,0.8975,0.903,0.9177,0.925,0.9305,0.9379,0.9434,0.9507,0.9562,0.9635,0.9764,0.9819,0.9892,0.9965,1.002,1.008,1.015,1.022,1.028,1.039,1.046,1.052,1.059,1.068,1.072,1.077,1.086,1.097,1.103,1.11,1.118,1.123,1.129,1.136,1.143,1.149,1.16,1.167,1.173,1.178,1.185,1.189,1.195,1.204,1.215,1.222,1.228,1.235,1.24,1.244,1.25,1.257,1.262,1.274,1.279,1.286,1.29,1.296,1.301,1.307,1.314,1.325,1.327,1.332,1.338,1.343,1.347,1.351,1.356,1.362,1.371,1.374,1.378,1.385,1.389,1.393,1.396,1.4,1.406,1.409,1.411,1.415,1.42,1.424,1.429,1.433,1.439,1.446,1.45,1.451,1.457,1.466,1.472,1.477,1.479,1.488,1.492,1.495,1.499,1.499,1.514,1.517,1.521,1.523,1.532,1.534,1.538,1.543,1.552,1.554,1.556,1.561,1.561,1.571,1.572,1.576,1.582,1.583,1.589,1.596,1.598,1.598,1.604,1.605,1.607,1.611,1.613
region,B
Standard_Chart_x,0.2691,0.2792,0.2892,0.2992,0.3092,0.3293,0.3393,0.3493,0.3593,0.3694,0.3894,0.3994,0.4094,0.4195,0.4495,0.4596,0.4696,0.4796,0.4896,0.5097,0.5197,0.5297,0.5397,0.5498,0.5598,0.5698,0.5798,0.5898,0.5999,0.6099,0.6199,0.6299,0.64,0.65,0.66,0.67,0.68,0.6901,0.7001,0.7101,0.7201,0.7302,0.7402,0.7502,0.7602,0.7702,0.7803,0.7903,0.8003,0.8103,0.8204,0.8304,0.8404,0.8504,0.8604,0.8705,0.8805,0.8905,0.9005,0.9106,0.9206,0.9306,0.9406,0.9506,0.9607,0.9707,0.9807,0.9907,1.001,1.011,1.021,1.031,1.041,1.051,1.061,1.071,1.081,1.091,1.101,1.111,1.121,1.131,1.141,1.151,1.161,1.171,1.181,1.191,1.201,1.211,1.221,1.231,1.241,1.251,1.261,1.271,1.281,1.291,1.301,1.311,1.321,1.331,1.342,1.352,1.362,1.372,1.382,1.392,1.402,1.412,1.422,1.432,1.442,1.452,1.462,1.472,1.482,1.492,1.502,1.512,1.522,1.532,1.542,1.552,1.562,1.572,1.582,1.592,1.602,1.612,1.622,1.632,1.642,1.652,1.662,1.672,1.682,1.692,1.702,1.712,1.722,1.732,1.742,1.752,1.762,1.772,1.782,1.793,1.803,1.813,1.823,1.833,1.843,1.853,1.863,1.873,1.883,1.893,1.903,1.913,1.923,1.933,1.943,1.953,1.963,1.973,1.983,1.993,2.003,2.013,2.023,2.033,2.043,2.053,2.063,2.073,2.083,2.093,2.103,2.113,2.123,2.133,2.143,2.153,2.163,2.173,2.183,2.193,2.203,2.213,2.223,2.233,2.244,2.254,2.264,2.274,2.284,2.294,2.304,2.314,2.324,2.334,2.344,2.354,2.364,2.374,2.384,2.394,2.404,2.414,2.424,2.434,2.444,2.454,2.464,2.474,2.484,2.494,2.504,2.534,2.544,2.554,2.564,2.584,2.594,2.604,2.614,2.624,2.644,2.654,2.664,2.674,2.684,2.715,2.725,2.735,2.745,2.775,2.785,2.795,2.805,2.835,2.845,2.855,2.865,2.875,2.895,2.905,2.915,2.925,2.935,2.945
Standard_Chart_y,0.1033,0.1052,0.107,0.1107,0.1143,0.1235,0.1253,0.129,0.1327,0.1345,0.1437,0.1455,0.1455,0.1492,0.1602,0.1638,0.1675,0.1712,0.1712,0.1804,0.1877,0.1895,0.1932,0.1969,0.2005,0.2042,0.2079,0.2097,0.217,0.2189,0.2207,0.2244,0.228,0.2317,0.2335,0.2372,0.2427,0.2464,0.2501,0.2519,0.2574,0.2611,0.2629,0.2666,0.2721,0.2794,0.2831,0.2849,0.2886,0.2941,0.2959,0.2996,0.3014,0.3051,0.3142,0.3179,0.3216,0.3253,0.3289,0.3326,0.3363,0.3399,0.3509,0.3546,0.3583,0.3619,0.3656,0.3674,0.3711,0.3748,0.3821,0.3894,0.3913,0.395,0.4041,0.4078,0.4096,0.4133,0.4225,0.4298,0.4371,0.439,0.4445,0.4481,0.4555,0.461,0.4646,0.4702,0.4848,0.4903,0.494,0.4995,0.5068,0.5123,0.5178,0.5233,0.5362,0.5417,0.5453,0.5527,0.5582,0.5655,0.571,0.5765,0.5875,0.593,0.6004,0.604,0.6095,0.6169,0.6224,0.6297,0.6352,0.6462,0.6536,0.6591,0.6646,0.6719,0.6774,0.6811,0.6866,0.7013,0.7068,0.7141,0.7178,0.7233,0.7306,0.7361,0.7416,0.7489,0.7599,0.7673,0.7728,0.7765,0.782,0.7893,0.7948,0.8021,0.8131,0.8186,0.8241,0.8278,0.837,0.8425,0.8461,0.8535,0.859,0.87,0.8773,0.8828,0.8883,0.892,0.8993,0.9048,0.9103,0.9213,0.9287,0.9342,0.9415,0.947,0.9507,0.9562,0.9617,0.9672,0.98,0.9837,0.9892,0.9947,1.002,1.008,1.011,1.017,1.028,1.033,1.039,1.044,1.05,1.053,1.057,1.066,1.07,1.079,1.083,1.088,1.096,1.099,1.105,1.108,1.112,1.123,1.127,1.129,1.132,1.141,1.145,1.147,1.151,1.156,1.167,1.171,1.173,1.176,1.18,1.184,1.185,1.189,1.198,1.202,1.206,1.209,1.213,1.217,1.22,1.224,1.228,1.233,1.237,1.24,1.244,1.253,1.255,1.262,1.264,1.272,1.274,1.277,1.279,1.283,1.292,1.296,1.297,1.299,1.303,1.31,1.318,1.319,1.323,1.329,1.33,1.33,1.336,1.345,1.347,1.351,1.351,1.352,1.362,1.363,1.363,1.365,1.369,1.373
region,C
Standard_Chart_x,0.2792,0.2892,0.2992,0.3092,0.3192,0.3493,0.3593,0.3694,0.3794,0.3994,0.4094,0.4195,0.4295,0.4395,0.4596,0.4696,0.4796,0.4896,0.5097,0.5197,0.5297,0.5397,0.5498,0.5598,0.5698,0.5798,0.5898,0.5999,0.6099,0.6199,0.6299,0.64,0.65,0.66,0.67,0.68,0.6901,0.7001,0.7101,0.7201,0.7302,0.7402,0.7502,0.7602,0.7702,0.7803,0.7903,0.8003,0.8103,0.8204,0.8304,0.8404,0.8504,0.8604,0.8705,0.8805,0.8905,0.9005,0.9106,0.9206,0.9306,0.9406,0.9506,0.9607,0.9707,0.9807,0.9907,1.001,1.011,1.021,1.031,1.041,1.051,1.061,1.071,1.081,1.091,1.101,1.111,1.121,1.131,1.141,1.151,1.161,1.171,1.181,1.191,1.201,1.211,1.221,1.231,1.241,1.251,1.261,1.271,1.281,1.291,1.301,1.311,1.321,1.331,1.342,1.352,1.362,1.372,1.382,1.392,1.402,1.412,1.422,1.432,1.442,1.452,1.462,1.472,1.482,1.492,1.502,1.512,1.522,1.532,1.542,1.552,1.562,1.572,1.582,1.592,1.602,1.612,1.622,1.632,1.642,1.652,1.662,1.672,1.682,1.692,1.702,1.712,1.722,1.732,1.742,1.752,1.762,1.772,1.782,1.793,1.803,1.813,1.823,1.833,1.843,1.853,1.863,1.873,1.883,1.893,1.903,1.913,1.923,1.933,1.943,1.953,1.963,1.973,1.983,1.993,2.003,2.013,2.023,2.033,2.043,2.053,2.063,2.073,2.083,2.093,2.103,2.113,2.123,2.133,2.143,2.153,2.163,2.173,2.183,2.193,2.203,2.213,2.223,2.233,2.244,2.254,2.264,2.274,2.284,2.294,2.304,2.314,2.324,2.334,2.344,2.354,2.364,2.374,2.384,2.394,2.404,2.414,2.424,2.434,2.444,2.454,2.464,2.474,2.484,2.494,2.504,2.534,2.544,2.554,2.584,2.594,2.604,2.614,2.624,2.644,2.654,2.664,2.674,2.684,2.705,2.715,2.725,2.735,2.745,2.765,2.775,2.785,2.795,2.805,2.825,2.835,2.845,2.855,2.865,2.875,2.895,2.905,2.915,2.925,2.935,2.945,2.975
Standard_Chart_y,0.08682,0.09048,0.09599,0.09782,0.09599,0.1107,0.1143,0.1162,0.1198,0.1272,0.1272,0.129,0.1363,0.1382,0.1455,0.1455,0.1492,0.1492,0.1583,0.162,0.1657,0.1675,0.1694,0.173,0.1767,0.1804,0.184,0.1895,0.1932,0.1969,0.2005,0.2024,0.206,0.206,0.2097,0.2134,0.2207,0.2225,0.2262,0.228,0.2317,0.2335,0.2372,0.2427,0.2501,0.2519,0.2556,0.2556,0.2611,0.2647,0.2666,0.2702,0.2757,0.2831,0.2867,0.2886,0.2941,0.2959,0.2996,0.2996,0.3051,0.3124,0.3161,0.3179,0.3216,0.3271,0.3308,0.3326,0.3363,0.3418,0.3491,0.3528,0.3564,0.3601,0.3638,0.3674,0.3711,0.3748,0.3821,0.3858,0.3876,0.3913,0.3968,0.4005,0.406,0.4096,0.4151,0.4225,0.4243,0.428,0.4371,0.4408,0.4426,0.4463,0.45,0.461,0.4646,0.4683,0.472,0.4775,0.4812,0.4848,0.4903,0.5013,0.505,0.5123,0.5142,0.5178,0.5252,0.527,0.5307,0.5362,0.5472,0.5509,0.5564,0.56,0.5655,0.5729,0.5747,0.5784,0.5894,0.593,0.5967,0.604,0.6077,0.6132,0.6169,0.6205,0.6279,0.6371,0.6426,0.6481,0.6517,0.6554,0.6609,0.6646,0.6682,0.6792,0.6829,0.6884,0.6921,0.6976,0.7031,0.7068,0.7104,0.7159,0.7269,0.7306,0.7361,0.7398,0.7434,0.7489,0.7526,0.7563,0.7691,0.7728,0.7765,0.7838,0.7875,0.7911,0.7948,0.8021,0.8058,0.815,0.8186,0.8205,0.8241,0.8333,0.837,0.8388,0.8443,0.8553,0.859,0.8608,0.8682,0.8737,0.8773,0.8792,0.8847,0.8883,0.8975,0.9012,0.9048,0.9122,0.9158,0.9195,0.9232,0.9287,0.9379,0.9415,0.9452,0.9489,0.9525,0.9562,0.9617,0.9635,0.969,0.9764,0.98,0.9819,0.9855,0.991,0.9965,1.0,1.006,1.013,1.017,1.019,1.022,1.028,1.031,1.033,1.037,1.041,1.046,1.05,1.053,1.057,1.07,1.074,1.079,1.088,1.092,1.096,1.099,1.099,1.108,1.112,1.114,1.119,1.121,1.129,1.13,1.134,1.138,1.14,1.145,1.149,1.151,1.152,1.156,1.165,1.165,1.167,1.171,1.173,1.174,1.18,1.182,1.184,1.184,1.185,1.184,1.187
region,D
Standard_Chart_x,0.2792,0.2892,0.2992,0.3092,0.3192,0.3293,0.3493,0.3593,0.3694,0.3794,0.3894,0.4195,0.4295,0.4395,0.4495,0.4796,0.4896,0.5197,0.5297,0.5397,0.5498,0.5598,0.5698,0.5798,0.5898,0.5999,0.6099,0.6199,0.6299,0.64,0.65,0.66,0.67,0.68,0.6901,0.7001,0.7101,0.7201,0.7302,0.7402,0.7502,0.7602,0.7702,0.7803,0.7903,0.8003,0.8103,0.8204,0.8304,0.8404,0.8504,0.8604,0.8705,0.8805,0.8905,0.9005,0.9106,0.9206,0.9306,0.9406,0.9506,0.9607,0.9707,0.9807,0.9907,1.001,1.011,1.021,1.031,1.041,1.051,1.061,1.071,1.081,1.091,1.101,1.111,1.121,1.131,1.141,1.151,1.161,1.171,1.181,1.191,1.201,1.211,1.221,1.231,1.241,1.251,1.261,1.271,1.281,1.291,1.301,1.311,1.321,1.331,1.342,1.352,1.362,1.372,1.382,1.392,1.402,1.412,1.422,1.432,1.442,1.452,1.462,1.472,1.482,1.492,1.502,1.512,1.522,1.532,1.542,1.552,1.562,1.572,1.582,1.592,1.602,1.612,1.622,1.632,1.642,1.652,1.662,1.672,1.682,1.692,1.702,1.712,1.722,1.732,1.742,1.752,1.762,1.772,1.782,1.793,1.803,1.813,1.823,1.833,1.843,1.853,1.863,1.873,1.883,1.893,1.903,1.913,1.923,1.933,1.943,1.953,1.963,1.973,1.983,1.993,2.003,2.013,2.023,2.033,2.043,2.053,2.063,2.073,2.083,2.093,2.103,2.113,2.123,2.133,2.143,2.153,2.163,2.173,2.183,2.193,2.203,2.213,2.223,2.233,2.244,2.254,2.264,2.274,2.284,2.294,2.304,2.314,2.324,2.334,2.344,2.354,2.364,2.374,2.384,2.394,2.404,2.414,2.424,2.434,2.444,2.454,2.464,2.474,2.484,2.494,2.504,2.524,2.534,2.544,2.554,2.564,2.594,2.604,2.614,2.624,2.634,2.654,2.664,2.674,2.684,2.695,2.725,2.735,2.745,2.755,2.785,2.795,2.805,2.815,2.825,2.855,2.865,2.875,2.885,2.915,2.925,2.935,2.945,2.955
Standard_Chart_y,0.07398,0.07581,0.07765,0.07948,0.07948,0.08131,0.08865,0.09232,0.09415,0.09599,0.09965,0.107,0.1107,0.1143,0.1162,0.1217,0.1235,0.1363,0.1382,0.1418,0.1418,0.1437,0.1473,0.1492,0.1528,0.1565,0.1602,0.1602,0.1638,0.1675,0.1712,0.1712,0.173,0.1767,0.184,0.1859,0.1895,0.1932,0.195,0.1969,0.1987,0.2024,0.2097,0.2115,0.2152,0.2189,0.2207,0.2225,0.2244,0.2262,0.2317,0.2354,0.239,0.2409,0.2464,0.2501,0.2519,0.2519,0.2574,0.2647,0.2684,0.2702,0.2739,0.2757,0.2794,0.2812,0.2849,0.2904,0.2941,0.2977,0.2996,0.3032,0.3069,0.3106,0.3142,0.3179,0.3234,0.3271,0.3289,0.3326,0.3363,0.3399,0.3436,0.3473,0.3509,0.3564,0.3601,0.3638,0.3674,0.3711,0.3729,0.3766,0.3821,0.3894,0.3931,0.395,0.3986,0.4041,0.4078,0.4096,0.4133,0.4225,0.4261,0.428,0.4316,0.4371,0.4408,0.4426,0.4463,0.45,0.4555,0.4628,0.4665,0.4702,0.4738,0.4775,0.4812,0.4848,0.494,0.4995,0.5032,0.5068,0.5105,0.5142,0.5178,0.5197,0.5288,0.5362,0.5398,0.5417,0.5453,0.5545,0.5582,0.56,0.5637,0.5765,0.5802,0.582,0.5857,0.5912,0.5949,0.5985,0.6022,0.6059,0.615,0.6205,0.6242,0.6279,0.6316,0.6352,0.6389,0.6426,0.6517,0.6572,0.6627,0.6646,0.6682,0.6719,0.6737,0.6774,0.6829,0.6902,0.6939,0.6957,0.6994,0.7049,0.7086,0.7104,0.7159,0.7233,0.7269,0.7288,0.7324,0.7343,0.7379,0.7398,0.7434,0.7471,0.7526,0.7563,0.7599,0.7636,0.7673,0.7691,0.7728,0.7765,0.782,0.7856,0.7893,0.793,0.7966,0.8003,0.8003,0.804,0.8076,0.8131,0.815,0.8168,0.8205,0.826,0.8278,0.8315,0.8333,0.8406,0.8425,0.8461,0.8461,0.8517,0.8553,0.8572,0.8572,0.8627,0.8663,0.87,0.8718,0.8737,0.8828,0.8828,0.8847,0.8902,0.892,0.8993,0.903,0.9048,0.9067,0.9103,0.9177,0.9195,0.9232,0.9269,0.9269,0.9379,0.9415,0.9415,0.9434,0.9525,0.9544,0.9562,0.9599,0.9599,0.969,0.9709,0.9709,0.9727,0.9819,0.9819,0.9874,0.9892,0.9892
sheet,LLW 瞬間圧
condition,2.5,0.5,TRUE
brightness,0,1.5
brightness,1,1.3
brightness,2,1.1
brightness,3,0.9
brightness,4,0.7
brightness,5,0.5
brightness,6,0.3
brightness,7,0.1
line,0,-0.8286,92.5
line,1,-1.0571,82.0
line,2,-0.7,55.75
region,A
Standard_Chart_x,0.2988,0.3088,0.3188,0.3288,0.3388,0.3488,0.3589,0.3689,0.3789,0.3889,0.4089,0.4189,0.4289,0.4389,0.4589,0.469,0.479,0.489,0.519,0.529,0.539,0.549,0.559,0.569,0.579,0.5891,0.5991,0.6091,0.6191,0.6291,0.6391,0.6491,0.6591,0.6691,0.6791,0.6891,0.6992,0.7092,0.7192,0.7292,0.7392,0.7492,0.7592,0.7692,0.7792,0.7892,0.7992,0.8093,0.8193,0.8293,0.8393,0.8493,0.8593,0.8693,0.8793,0.8893,0.8993,0.9093,0.9194,0.9294,0.9394,0.9494,0.9594,0.9694,0.9794,0.9894,0.9994,1.009,1.019,1.029,1.039,1.049,1.059,1.069,1.079,1.09,1.1,1.11,1.12,1.13,1.14,1.15,1.16,1.17,1.18,1.19,1.2,1.21,1.22,1.23,1.24,1.25,1.26,1.27,1.28,1.29,1.3,1.31,1.32,1.33,1.34,1.35,1.36,1.37,1.38,1.39,1.4,1.41,1.42,1.43,1.44,1.45,1.46,1.47,1.48,1.49,1.5,1.51,1.52,1.53,1.54,1.55,1.56,1.57,1.58,1.59,1.6,1.61,1.62,1.63,1.64,1.65,1.66,1.67,1.68,1.69,1.7,1.71,1.72,1.73,1.74,1.75,1.76,1.77,1.78,1.79,1.8,1.81,1.82,1.83,1.84,1.85,1.86,1.87,1.88,1.89,1.9,1.91,1.92,1.93,1.94,1.95,1.96,1.97,1.98,1.99,2.0,2.01,2.02,2.03,2.04,2.05,2.06,2.07,2.08,2.09,2.1,2.11,2.12,2.13,2.14,2.15,2.16,2.17,2.18,2.19,2.2,2.21,2.221,2.231,2.241,2.251,2.261,2.271,2.281,2.291,2.301,2.311,2.321,2.331,2.341,2.351,2.361,2.371,2.381,2.391,2.401,2.411,2.421,2.431,2.441,2.451,2.461,2.471,2.481,2.491,2.501,2.511,2.531,2.541,2.551,2.561,2.581,2.591,2.601,2.611,2.621,2.641,2.651,2.661,2.671,2.681,2.701,2.711,2.721,2.731,2.761,2.771,2.781,2.791,2.801,2.821,2.831,2.841,2.851,2.861,2.881,2.891,2.901,2.911,2.921,2.941,2.951,2.961,2.971,2.981
Standard_Chart_y,0.1379,0.1434,0.1452,0.1489,0.1525,0.1635,0.1653,0.169,0.1708,0.1745,0.1836,0.1873,0.1928,0.1964,0.2056,0.2093,0.2147,0.2202,0.2349,0.2385,0.2404,0.244,0.2495,0.2513,0.255,0.2623,0.2696,0.2733,0.2751,0.2806,0.2861,0.2916,0.2934,0.2971,0.3026,0.3099,0.3136,0.3191,0.3227,0.3264,0.33,0.3337,0.3392,0.3483,0.352,0.3557,0.3593,0.3648,0.3685,0.3721,0.3758,0.3831,0.3904,0.3941,0.3996,0.4033,0.4087,0.4106,0.4142,0.4197,0.4307,0.4344,0.4399,0.4435,0.449,0.4545,0.4563,0.4618,0.4655,0.4746,0.4783,0.4838,0.4893,0.4929,0.4984,0.5021,0.5076,0.5186,0.5222,0.5277,0.5332,0.5387,0.5423,0.546,0.5515,0.5588,0.5698,0.5753,0.5789,0.5844,0.5899,0.5973,0.5991,0.6064,0.6174,0.621,0.6265,0.6339,0.6393,0.6467,0.6522,0.6558,0.6686,0.6759,0.6814,0.6851,0.6906,0.6961,0.6997,0.7052,0.7126,0.7235,0.729,0.7363,0.7382,0.7455,0.751,0.7565,0.762,0.7711,0.7748,0.7803,0.7876,0.7931,0.7967,0.8022,0.8096,0.815,0.826,0.8297,0.8352,0.837,0.8443,0.8498,0.8535,0.859,0.8699,0.8754,0.8791,0.8846,0.8919,0.8956,0.8992,0.9047,0.9102,0.9194,0.9249,0.9303,0.934,0.9395,0.9432,0.9486,0.9541,0.9651,0.9688,0.9743,0.9779,0.9834,0.9871,0.9926,0.9962,1.002,1.013,1.018,1.02,1.026,1.031,1.038,1.04,1.046,1.055,1.058,1.062,1.069,1.073,1.079,1.08,1.088,1.091,1.101,1.104,1.11,1.117,1.121,1.123,1.128,1.133,1.141,1.146,1.15,1.154,1.159,1.165,1.168,1.172,1.177,1.185,1.192,1.194,1.198,1.203,1.205,1.212,1.216,1.221,1.229,1.23,1.238,1.241,1.245,1.249,1.252,1.258,1.265,1.269,1.273,1.276,1.28,1.289,1.291,1.298,1.302,1.311,1.313,1.315,1.315,1.318,1.331,1.335,1.337,1.342,1.344,1.348,1.351,1.357,1.36,1.371,1.373,1.377,1.381,1.382,1.392,1.395,1.399,1.401,1.401,1.412,1.414,1.417,1.419,1.421,1.426,1.428,1.43,1.434,1.437
region,B
Standard_Chart_x,0.3088,0.3188,0.3288,0.3388,0.3589,0.3689,0.3789,0.3889,0.3989,0.4189,0.4289,0.4389,0.4489,0.479,0.489,0.509,0.519,0.529,0.539,0.549,0.559,0.569,0.579,0.5891,0.5991,0.6091,0.6191,0.6291,0.6391,0.6491,0.6591,0.6691,0.6791,0.6891,0.6992,0.7092,0.7192,0.7292,0.7392,0.7492,0.7592,0.7692,0.7792,0.7892,0.7992,0.8093,0.8193,0.8293,0.8393,0.8493,0.8593,0.8693,0.8793,0.8893,0.8993,0.9093,0.9194,0.9294,0.9394,0.9494,0.9594,0.9694,0.9794,0.9894,0.9994,1.009,1.019,1.029,1.039,1.049,1.059,1.069,1.079,1.09,1.1,1.11,1.12,1.13,1.14,1.15,1.16,1.17,1.18,1.19,1.2,1.21,1.22,1.23,1.24,1.25,1.26,1.27,1.28,1.29,1.3,1.31,1.32,1.33,1.34,1.35,1.36,1.37,1.38,1.39,1.4,1.41,1.42,1.43,1.44,1.45,1.46,1.47,1.48,1.49,1.5,1.51,1.52,1.53,1.54,1.55,1.56,1.57,1.58,1.59,1.6,1.61,1.62,1.63,1.64,1.65,1.66,1.67,1.68,1.69,1.7,1.71,1.72,1.73,1.74,1.75,1.76,1.77,1.78,1.79,1.8,1.81,1.82,1.83,1.84,1.85,1.86,1.87,1.88,1.89,1.9,1.91,1.92,1.93,1.94,1.95,1.96,1.97,1.98,1.99,2.0,2.01,2.02,2.03,2.04,2.05,2.06,2.07,2.08,2.09,2.1,2.11,2.12,2.13,2.14,2.15,2.16,2.17,2.18,2.19,2.2,2.21,2.221,2.231,2.241,2.251,2.261,2.271,2.281,2.291,2.301,2.311,2.321,2.331,2.341,2.351,2.361,2.371,2.381,2.391,2.401,2.411,2.421,2.431,2.441,2.451,2.461,2.471,2.481,2.491,2.531,2.541,2.551,2.561,2.581,2.591,2.601,2.611,2.621,2.641,2.651,2.661,2.671,2.681,2.701,2.711,2.721,2.731,2.741,2.761,2.771,2.781,2.791,2.801,2.821,2.831,2.841,2.851,2.861,2.891,2.901,2.911,2.921,2.941,2.951,2.961,2.971,2.981
Standard_Chart_y,0.1086,0.1104,0.1141,0.1196,0.1306,0.1324,0.136,0.1415,0.1434,0.1525,0.1598,0.1635,0.1653,0.1745,0.1781,0.1891,0.1928,0.1964,0.2001,0.2038,0.2074,0.2111,0.2147,0.2184,0.2276,0.2312,0.2349,0.2385,0.2404,0.244,0.2459,0.2495,0.255,0.2623,0.266,0.2715,0.2733,0.2788,0.2806,0.2861,0.2898,0.2989,0.3026,0.3044,0.3081,0.3136,0.3154,0.3191,0.3209,0.3246,0.3337,0.3374,0.341,0.3447,0.3483,0.352,0.3557,0.3612,0.3703,0.374,0.3776,0.3813,0.3849,0.3868,0.3904,0.3923,0.3978,0.4051,0.4087,0.4142,0.4197,0.4234,0.4252,0.4289,0.4344,0.4417,0.4472,0.449,0.4545,0.46,0.4618,0.4655,0.4673,0.471,0.4819,0.4874,0.4911,0.4948,0.4984,0.5021,0.5057,0.5112,0.5204,0.524,0.5277,0.5314,0.5332,0.5387,0.5423,0.546,0.5552,0.5606,0.5643,0.568,0.5735,0.5771,0.5826,0.5844,0.5918,0.5991,0.6046,0.6082,0.6119,0.6156,0.6192,0.6229,0.6302,0.6357,0.643,0.6448,0.6522,0.6558,0.6595,0.6631,0.6705,0.6741,0.6814,0.6869,0.6888,0.6924,0.6979,0.7034,0.7071,0.7107,0.7199,0.7254,0.729,0.7327,0.7382,0.7437,0.7473,0.751,0.7546,0.7638,0.7675,0.7711,0.7748,0.7821,0.7858,0.7913,0.7949,0.8041,0.8077,0.8114,0.815,0.8187,0.826,0.8297,0.8333,0.837,0.8462,0.8516,0.8535,0.8571,0.8626,0.8681,0.8718,0.8773,0.8846,0.8901,0.8937,0.8974,0.9011,0.9047,0.9084,0.9157,0.9194,0.9249,0.9322,0.934,0.9413,0.945,0.9486,0.9523,0.9578,0.9669,0.9706,0.9743,0.9761,0.9816,0.9871,0.9889,0.9926,0.9981,1.005,1.011,1.015,1.018,1.024,1.026,1.029,1.035,1.042,1.049,1.051,1.055,1.058,1.062,1.066,1.069,1.073,1.079,1.082,1.086,1.102,1.106,1.11,1.112,1.121,1.123,1.126,1.126,1.128,1.141,1.144,1.146,1.148,1.152,1.161,1.163,1.166,1.17,1.172,1.181,1.183,1.183,1.187,1.192,1.199,1.201,1.205,1.209,1.209,1.223,1.227,1.227,1.229,1.24,1.24,1.243,1.245,1.251
region,C
Standard_Chart_x,0.3188,0.3288,0.3388,0.3488,0.3589,0.3789,0.3889,0.3989,0.4089,0.4189,0.4289,0.4389,0.4489,0.4589,0.469,0.479,0.519,0.529,0.539,0.549,0.559,0.569,0.579,0.5891,0.5991,0.6091,0.6191,0.6291,0.6391,0.6491,0.6591,0.6691,0.6791,0.6891,0.6992,0.7092,0.7192,0.7292,0.7392,0.7492,0.7592,0.7692,0.7792,0.7892,0.7992,0.8093,0.8193,0.8293,0.8393,0.8493,0.8593,0.8693,0.8793,0.8893,0.8993,0.9093,0.9194,0.9294,0.9394,0.9494,0.9594,0.9694,0.9794,0.9894,0.9994,1.009,1.019,1.029,1.039,1.049,1.059,1.069,1.079,1.09,1.1,1.11,1.12,1.13,1.14,1.15,1.16,1.17,1.18,1.19,1.2,1.21,1.22,1.23,1.24,1.25,1.26,1.27,1.28,1.29,1.3,1.31,1.32,1.33,1.34,1.35,1.36,1.37,1.38,1.39,1.4,1.41,1.42,1.43,1.44,1.45,1.46,1.47,1.48,1.49,1.5,1.51,1.52,1.53,1.54,1.55,1.56,1.57,1.58,1.59,1.6,1.61,1.62,1.63,1.64,1.65,1.66,1.67,1.68,1.69,1.7,1.71,1.72,1.73,1.74,1.75,1.76,1.77,1.78,1.79,1.8,1.81,1.82,1.83,1.84,1.85,1.86,1.87,1.88,1.89,1.9,1.91,1.92,1.93,1.94,1.95,1.96,1.97,1.98,1.99,2.0,2.01,2.02,2.03,2.04,2.05,2.06,2.07,2.08,2.09,2.1,2.11,2.12,2.13,2.14,2.15,2.16,2.17,2.18,2.19,2.2,2.21,2.221,2.231,2.241,2.251,2.261,2.271,2.281,2.291,2.301,2.311,2.321,2.331,2.341,2.351,2.361,2.371,2.381,2.391,2.401,2.411,2.421,2.431,2.441,2.451,2.461,2.471,2.481,2.491,2.501,2.511,2.531,2.541,2.551,2.561,2.581,2.591,2.601,2.611,2.621,2.641,2.651,2.661,2.671,2.681,2.701,2.711,2.721,2.731,2.761,2.771,2.781,2.791,2.801,2.811,2.821,2.831,2.841,2.851,2.861,2.881,2.891,2.901,2.911,2.921,2.941,2.951,2.961,2.971,2.981
Standard_Chart_y,0.08663,0.09029,0.09395,0.09761,0.09944,0.1068,0.1086,0.1104,0.1141,0.1196,0.1269,0.1287,0.1287,0.1324,0.1379,0.1397,0.1562,0.1598,0.1617,0.1653,0.1653,0.169,0.1708,0.1745,0.1836,0.1873,0.1855,0.1891,0.1928,0.1964,0.2001,0.2038,0.2074,0.2111,0.2147,0.2184,0.2221,0.2257,0.2294,0.233,0.2367,0.2404,0.244,0.2459,0.2495,0.255,0.2587,0.2605,0.2642,0.266,0.2733,0.277,0.2788,0.2843,0.2879,0.2898,0.2934,0.2953,0.3026,0.3063,0.3081,0.3117,0.3154,0.3191,0.3209,0.3246,0.3282,0.3355,0.3355,0.3392,0.3429,0.3465,0.3502,0.3538,0.3575,0.3666,0.3703,0.374,0.3776,0.3813,0.3849,0.3868,0.3904,0.3941,0.3978,0.4033,0.4033,0.4087,0.4124,0.4142,0.4179,0.4234,0.4307,0.4344,0.4362,0.4399,0.4453,0.449,0.4508,0.4545,0.4618,0.4655,0.4691,0.471,0.4746,0.4819,0.4874,0.4911,0.4948,0.5003,0.5039,0.5076,0.5112,0.5149,0.5186,0.5222,0.5259,0.5332,0.5369,0.5405,0.546,0.5515,0.5552,0.557,0.5606,0.5661,0.5735,0.5771,0.5789,0.5826,0.5881,0.5936,0.5954,0.6009,0.6082,0.6119,0.6137,0.6174,0.621,0.6247,0.6284,0.632,0.6357,0.6448,0.6485,0.6522,0.654,0.6613,0.665,0.6686,0.6723,0.6814,0.6833,0.6869,0.6888,0.6943,0.6979,0.6997,0.7034,0.7089,0.7162,0.7199,0.7217,0.7254,0.7309,0.7363,0.7363,0.7418,0.7528,0.7546,0.7583,0.7601,0.7638,0.7675,0.7711,0.7748,0.7784,0.7876,0.7913,0.7949,0.7986,0.8022,0.8059,0.8096,0.8132,0.8187,0.8224,0.826,0.8297,0.8333,0.837,0.8388,0.8425,0.848,0.8553,0.859,0.8608,0.8645,0.8699,0.8718,0.8754,0.8809,0.8883,0.8919,0.8937,0.8974,0.9011,0.9047,0.9066,0.9102,0.9139,0.923,0.9267,0.9303,0.934,0.9358,0.945,0.9486,0.9541,0.9578,0.9669,0.9651,0.9688,0.9724,0.9761,0.9871,0.9907,0.9926,0.9981,0.9999,1.007,1.009,1.016,1.02,1.027,1.031,1.033,1.036,1.038,1.046,1.047,1.051,1.055,1.057,1.055,1.064,1.068,1.071,1.075,1.077,1.086,1.086,1.088,1.091,1.097
region,D
Standard_Chart_x,0.3048,0.3148,0.3248,0.3348,0.3448,0.3548,0.3749,0.3849,0.3949,0.4049,0.4149,0.4349,0.4449,0.4549,0.4649,0.475,0.515,0.525,0.535,0.545,0.555,0.565,0.575,0.5851,0.5951,0.6051,0.6151,0.6251,0.6351,0.6451,0.6551,0.6651,0.6751,0.6851,0.6952,0.7052,0.7152,0.7252,0.7352,0.7452,0.7552,0.7652,0.7752,0.7852,0.7952,0.8052,0.8153,0.8253,0.8353,0.8453,0.8553,0.8653,0.8753,0.8853,0.8953,0.9053,0.9153,0.9254,0.9354,0.9454,0.9554,0.9654,0.9754,0.9854,0.9954,1.005,1.015,1.025,1.035,1.045,1.055,1.065,1.075,1.085,1.096,1.106,1.116,1.126,1.136,1.146,1.156,1.166,1.176,1.186,1.196,1.206,1.216,1.226,1.236,1.246,1.256,1.266,1.276,1.286,1.296,1.306,1.316,1.326,1.336,1.346,1.356,1.366,1.376,1.386,1.396,1.406,1.416,1.426,1.436,1.446,1.456,1.466,1.476,1.486,1.496,1.506,1.516,1.526,1.536,1.546,1.556,1.566,1.576,1.586,1.596,1.606,1.616,1.626,1.636,1.646,1.656,1.666,1.676,1.686,1.696,1.706,1.716,1.726,1.736,1.746,1.756,1.766,1.776,1.786,1.796,1.806,1.816,1.826,1.836,1.846,1.856,1.866,1.876,1.886,1.896,1.906,1.916,1.926,1.936,1.946,1.956,1.966,1.976,1.986,1.996,2.006,2.016,2.026,2.036,2.046,2.056,2.066,2.076,2.086,2.096,2.106,2.116,2.126,2.136,2.146,2.156,2.166,2.176,2.186,2.196,2.206,2.217,2.227,2.237,2.247,2.257,2.267,2.277,2.287,2.297,2.307,2.317,2.327,2.337,2.347,2.357,2.367,2.377,2.387,2.397,2.407,2.417,2.427,2.437,2.447,2.457,2.467,2.477,2.487,2.497,2.507,2.537,2.547,2.557,2.567,2.577,2.587,2.597,2.607,2.617,2.627,2.637,2.657,2.667,2.677,2.687,2.717,2.727,2.737,2.747,2.777,2.787,2.797,2.807,2.817,2.837,2.847,2.857,2.867,2.877,2.907,2.917,2.927,2.937,2.947,2.967,2.977,2.987
Standard_Chart_y,0.06833,0.06833,0.07016,0.07382,0.07748,0.07748,0.08663,0.09029,0.09029,0.09395,0.09578,0.1031,0.1031,0.1049,0.1123,0.1141,0.1232,0.1251,0.1287,0.1306,0.1379,0.1397,0.1397,0.1452,0.1489,0.147,0.1507,0.1562,0.1598,0.1635,0.1653,0.1672,0.169,0.1726,0.1763,0.1763,0.1818,0.1855,0.1873,0.1909,0.1946,0.1983,0.1964,0.2001,0.2038,0.2093,0.2129,0.2166,0.2166,0.2202,0.2239,0.2276,0.2276,0.233,0.2367,0.2385,0.2404,0.244,0.2477,0.2495,0.2495,0.255,0.2587,0.2623,0.2642,0.2678,0.2733,0.2751,0.2751,0.2806,0.2843,0.2879,0.2898,0.2934,0.2953,0.2989,0.3008,0.3044,0.3099,0.3136,0.3154,0.3191,0.3209,0.3246,0.3264,0.33,0.3337,0.3392,0.341,0.3447,0.3483,0.352,0.3557,0.3557,0.3575,0.3612,0.3703,0.374,0.374,0.3758,0.3795,0.3831,0.3868,0.3904,0.3941,0.3978,0.3996,0.4033,0.4087,0.4124,0.4142,0.4179,0.4197,0.427,0.4307,0.4325,0.4362,0.4417,0.4435,0.4472,0.4527,0.4563,0.46,0.4618,0.4655,0.4691,0.4728,0.4765,0.4801,0.4838,0.4874,0.4911,0.4948,0.4984,0.5021,0.5057,0.5094,0.5131,0.5167,0.5204,0.524,0.5277,0.5314,0.5332,0.5369,0.5387,0.5405,0.5478,0.5515,0.5533,0.5588,0.5625,0.5643,0.568,0.5698,0.5771,0.5808,0.5826,0.5863,0.5918,0.5954,0.5973,0.5991,0.6027,0.6082,0.6119,0.6137,0.6174,0.621,0.6229,0.6247,0.6284,0.6375,0.6412,0.6448,0.6485,0.6503,0.6522,0.6558,0.6595,0.6631,0.6686,0.6723,0.6741,0.6778,0.6814,0.6833,0.6869,0.6906,0.6943,0.6979,0.6997,0.7034,0.7089,0.7126,0.7144,0.718,0.7199,0.7272,0.729,0.7327,0.7382,0.7418,0.74,0.7437,0.7492,0.7546,0.7583,0.7601,0.762,0.7656,0.7693,0.7729,0.7766,0.7821,0.7858,0.7931,0.7967,0.8004,0.8041,0.8077,0.815,0.8169,0.8205,0.8242,0.8279,0.826,0.8352,0.8407,0.8443,0.8425,0.8553,0.8571,0.859,0.8626,0.8718,0.8754,0.8809,0.8791,0.8828,0.8919,0.8956,0.8974,0.8974,0.9011,0.9084,0.9102,0.9139,0.9175,0.9157,0.9249,0.9267,0.9303
sheet,LW 持続圧
condition,10.0,2.5,TRUE
brightness,0,1.5
brightness,1,1.3
brightness,2,1.1
brightness,3,0.9
brightness,4,0.7
brightness,5,0.5
brightness,6,0.3
brightness,7,0.1
line,0,-0.4543,90.5
line,1,-0.4914,69.0
line,2,-0.4543,50.2
region,A
Standard_Chart_x,2.013,2.068,2.123,2.233,2.288,2.343,2.508,2.563,2.618,2.673,2.728,2.783,2.838,2.893,2.948,3.003,3.058,3.113,3.168,3.223,3.278,3.333,3.388,3.443,3.498,3.553,3.608,3.663,3.718,3.774,3.829,3.884,3.939,3.994,4.049,4.104,4.159,4.214,4.269,4.324,4.379,4.434,4.489,4.544,4.599,4.654,4.709,4.764,4.819,4.874,4.929,4.984,5.039,5.094,5.149,5.204,5.259,5.314,5.369,5.424,5.479,5.534,5.589,5.645,5.7,5.755,5.81,5.865,5.92,5.975,6.03,6.085,6.14,6.195,6.25,6.305,6.36,6.415,6.47,6.525,6.58,6.635,6.69,6.745,6.8,6.855,6.91,6.965,7.02,7.075,7.13,7.185,7.24,7.295,7.35,7.405,7.46,7.515,7.571,7.626,7.681,7.736,7.791,7.846,7.901,7.956,8.011,8.066,8.121,8.176,8.231,8.286,8.341,8.396,8.451,8.506,8.561,8.616,8.671,8.726,8.781,8.836,8.891,8.946,9.001,9.056,9.111,9.166,9.221,9.276,9.331,9.386,9.442,9.497,9.552,9.607,9.662,9.717,9.772,9.827,9.882,9.937,9.992,10.1,10.16,10.21,10.32,10.38,10.43,10.49,10.6,10.65,10.71,10.87,10.93
Standard_Chart_y,0.1877,0.1906,0.1992,0.2136,0.2222,0.2251,0.2539,0.2626,0.2712,0.277,0.2885,0.2972,0.3058,0.3145,0.3231,0.3375,0.3461,0.3548,0.3663,0.375,0.3807,0.398,0.4067,0.4182,0.4297,0.4384,0.4528,0.4614,0.4729,0.4873,0.496,0.5046,0.5219,0.5334,0.5507,0.5594,0.5709,0.5882,0.5968,0.6112,0.6285,0.6343,0.6545,0.666,0.6746,0.6948,0.7034,0.715,0.7322,0.7438,0.7524,0.7668,0.7784,0.7985,0.8072,0.8158,0.8331,0.8446,0.8533,0.8706,0.8792,0.8936,0.908,0.9167,0.9311,0.9397,0.9484,0.9656,0.9743,0.9829,0.9973,1.003,1.02,1.026,1.035,1.049,1.058,1.069,1.081,1.09,1.098,1.11,1.118,1.127,1.136,1.144,1.156,1.164,1.173,1.182,1.188,1.199,1.205,1.213,1.225,1.228,1.236,1.248,1.251,1.262,1.271,1.277,1.283,1.288,1.294,1.306,1.314,1.32,1.326,1.332,1.34,1.343,1.349,1.358,1.366,1.369,1.381,1.383,1.392,1.395,1.401,1.406,1.412,1.415,1.424,1.43,1.435,1.441,1.444,1.45,1.455,1.458,1.467,1.47,1.479,1.481,1.484,1.493,1.496,1.499,1.507,1.51,1.513,1.522,1.53,1.533,1.542,1.545,1.548,1.553,1.565,1.565,1.568,1.579,1.585
region,B
Standard_Chart_x,2.035,2.09,2.145,2.255,2.31,2.365,2.53,2.585,2.64,2.695,2.75,2.805,2.86,2.915,2.97,3.025,3.08,3.135,3.19,3.245,3.3,3.355,3.41,3.465,3.52,3.575,3.63,3.685,3.741,3.796,3.851,3.906,3.961,4.016,4.071,4.126,4.181,4.236,4.291,4.346,4.401,4.456,4.511,4.566,4.621,4.676,4.731,4.786,4.841,4.896,4.951,5.006,5.061,5.116,5.171,5.226,5.281,5.336,5.391,5.446,5.501,5.556,5.611,5.667,5.722,5.777,5.832,5.887,5.942,5.997,6.052,6.107,6.162,6.217,6.272,6.327,6.382,6.437,6.492,6.547,6.602,6.657,6.712,6.767,6.822,6.877,6.932,6.987,7.042,7.097,7.152,7.207,7.262,7.317,7.372,7.427,7.482,7.538,7.593,7.648,7.703,7.758,7.813,7.868,7.923,7.978,8.033,8.088,8.143,8.198,8.253,8.308,8.363,8.418,8.473,8.528,8.583,8.638,8.693,8.748,8.803,8.858,8.913,8.968,9.023,9.078,9.133,9.188,9.243,9.298,9.353,9.408,9.464,9.519,9.574,9.629,9.684,9.739,9.794,9.849,9.904,9.959,10.01,10.12,10.18,10.23,10.29,10.4,10.45,10.51,10.73,10.78,10.95
Standard_Chart_y,0.1787,0.1845,0.1902,0.2046,0.2132,0.2161,0.2391,0.2478,0.2564,0.2621,0.2708,0.2765,0.2852,0.2938,0.3024,0.311,0.3197,0.3254,0.3341,0.3427,0.3484,0.3599,0.3657,0.3743,0.3887,0.3945,0.406,0.4146,0.4203,0.4347,0.4434,0.4491,0.4635,0.4692,0.4865,0.4951,0.5038,0.5153,0.5268,0.5297,0.5412,0.5527,0.5613,0.5728,0.5843,0.5929,0.6044,0.6131,0.6246,0.6332,0.6418,0.6562,0.662,0.6735,0.685,0.6936,0.7051,0.7109,0.7224,0.731,0.7396,0.7483,0.7598,0.7684,0.7799,0.7885,0.7972,0.8058,0.8144,0.8202,0.8346,0.8374,0.8518,0.8576,0.8662,0.8748,0.8806,0.8892,0.9007,0.9065,0.9151,0.9237,0.9295,0.9381,0.9467,0.9525,0.9611,0.9698,0.9726,0.9841,0.987,0.9956,1.004,1.01,1.019,1.022,1.027,1.036,1.039,1.047,1.053,1.056,1.065,1.068,1.076,1.082,1.088,1.091,1.099,1.105,1.111,1.114,1.116,1.128,1.128,1.134,1.139,1.142,1.151,1.157,1.16,1.165,1.171,1.174,1.18,1.183,1.188,1.191,1.197,1.203,1.206,1.209,1.214,1.217,1.223,1.229,1.232,1.237,1.24,1.243,1.249,1.252,1.255,1.263,1.266,1.269,1.272,1.28,1.283,1.289,1.301,1.306,1.315
region,C
Standard_Chart_x,2.09,2.145,2.31,2.365,2.53,2.585,2.64,2.695,2.75,2.805,2.86,2.915,2.97,3.025,3.08,3.135,3.19,3.245,3.3,3.355,3.41,3.465,3.52,3.575,3.63,3.685,3.741,3.796,3.851,3.906,3.961,4.016,4.071,4.126,4.181,4.236,4.291,4.346,4.401,4.456,4.511,4.566,4.621,4.676,4.731,4.786,4.841,4.896,4.951,5.006,5.061,5.116,5.171,5.226,5.281,5.336,5.391,5.446,5.501,5.556,5.611,5.667,5.722,5.777,5.832,5.887,5.942,5.997,6.052,6.107,6.162,6.217,6.272,6.327,6.382,6.437,6.492,6.547,6.602,6.657,6.712,6.767,6.822,6.877,6.932,6.987,7.042,7.097,7.152,7.207,7.262,7.317,7.372,7.427,7.482,7.538,7.593,7.648,7.703,7.758,7.813,7.868,7.923,7.978,8.033,8.088,8.143,8.198,8.253,8.308,8.363,8.418,8.473,8.528,8.583,8.638,8.693,8.748,8.803,8.858,8.913,8.968,9.023,9.078,9.133,9.188,9.243,9.298,9.353,9.408,9.464,9.519,9.574,9.629,9.684,9.739,9.794,9.849,9.904,9.959,10.01,10.12,10.18,10.23,10.4,10.45,10.51,10.67,10.73,10.78,10.84
Standard_Chart_y,0.1672,0.1758,0.196,0.1989,0.219,0.2276,0.2305,0.2391,0.2478,0.2506,0.2564,0.265,0.2679,0.2765,0.2852,0.288,0.2995,0.3053,0.311,0.3197,0.3254,0.3283,0.3398,0.3456,0.3513,0.3628,0.3657,0.3743,0.383,0.3887,0.3973,0.406,0.4146,0.4203,0.4261,0.4376,0.4434,0.452,0.4606,0.4664,0.475,0.4865,0.4951,0.5038,0.5124,0.521,0.5325,0.5383,0.5469,0.5584,0.5671,0.5757,0.5843,0.5901,0.6044,0.6073,0.6188,0.6275,0.6332,0.639,0.6505,0.6591,0.6677,0.6735,0.6821,0.6907,0.6994,0.7022,0.7109,0.7166,0.7281,0.7339,0.7396,0.7483,0.754,0.7569,0.7684,0.7742,0.7828,0.7885,0.7914,0.8,0.8058,0.8087,0.8173,0.8231,0.8288,0.8346,0.8403,0.8461,0.8518,0.8547,0.8633,0.8662,0.872,0.8777,0.8835,0.8892,0.895,0.8978,0.9036,0.9065,0.9094,0.918,0.918,0.9209,0.9295,0.9352,0.9381,0.941,0.941,0.9496,0.9496,0.9554,0.9583,0.9611,0.9669,0.9726,0.9726,0.9784,0.9813,0.9841,0.9899,0.9928,0.9956,0.9985,1.004,1.007,1.007,1.01,1.013,1.019,1.022,1.024,1.024,1.03,1.033,1.033,1.036,1.039,1.042,1.05,1.053,1.053,1.059,1.059,1.065,1.07,1.073,1.076,1.076
region,D
Standard_Chart_x,2.092,2.147,2.257,2.312,2.367,2.422,2.532,2.587,2.642,2.697,2.753,2.808,2.863,2.918,2.973,3.028,3.083,3.138,3.193,3.248,3.303,3.413,3.469,3.524,3.579,3.634,3.689,3.744,3.799,3.854,3.909,3.964,4.019,4.074,4.129,4.185,4.24,4.295,4.35,4.405,4.46,4.515,4.57,4.625,4.68,4.735,4.79,4.846,4.901,4.956,5.011,5.066,5.121,5.176,5.231,5.286,5.341,5.396,5.451,5.506,5.562,5.617,5.672,5.727,5.782,5.837,5.892,5.947,6.002,6.057,6.112,6.167,6.223,6.278,6.333,6.388,6.443,6.498,6.553,6.608,6.663,6.718,6.773,6.828,6.883,6.939,6.994,7.049,7.104,7.159,7.214,7.269,7.324,7.379,7.434,7.489,7.544,7.6,7.655,7.71,7.765,7.82,7.875,7.93,7.985,8.04,8.15,8.205,8.26,8.316,8.371,8.426,8.481,8.536,8.591,8.646,8.701,8.756,8.811,8.866,8.921,8.976,9.032,9.087,9.142,9.197,9.252,9.362,9.417,9.472,9.527,9.582,9.637,9.693,9.748,9.803,9.858,9.913,9.968,10.02,10.13,10.19,10.24,10.41,10.46,10.52,10.57,10.74,10.79,10.85,10.9,11.01
Standard_Chart_y,0.1473,0.156,0.1646,0.1704,0.1733,0.179,0.1934,0.1992,0.2021,0.2078,0.2136,0.2194,0.2222,0.2309,0.2338,0.2424,0.2482,0.2539,0.2597,0.2655,0.2684,0.2828,0.2885,0.2943,0.3029,0.3087,0.3145,0.3202,0.326,0.3289,0.3346,0.3433,0.349,0.3577,0.3634,0.3663,0.375,0.3836,0.3865,0.3951,0.4009,0.4067,0.4153,0.4182,0.4268,0.4326,0.4412,0.4499,0.4528,0.4614,0.4672,0.4758,0.4845,0.4902,0.496,0.5046,0.5104,0.5161,0.5248,0.5277,0.5363,0.5421,0.5478,0.5565,0.5594,0.5651,0.5709,0.5767,0.5795,0.5882,0.5911,0.5997,0.6055,0.6084,0.617,0.6199,0.6228,0.6314,0.6343,0.64,0.6458,0.6487,0.6573,0.6573,0.6602,0.6689,0.6717,0.6746,0.6804,0.6861,0.6919,0.6948,0.6977,0.7034,0.7063,0.7092,0.715,0.7207,0.7265,0.7294,0.7322,0.738,0.738,0.7438,0.7495,0.7495,0.7582,0.7639,0.7668,0.7668,0.7726,0.7784,0.7812,0.7841,0.7899,0.7899,0.7956,0.7985,0.8014,0.8043,0.8043,0.81,0.8129,0.8158,0.8187,0.8216,0.8216,0.8273,0.8273,0.8302,0.8331,0.836,0.8389,0.8389,0.8417,0.8475,0.8475,0.8475,0.8504,0.8504,0.8561,0.859,0.859,0.8677,0.8648,0.8706,0.8706,0.8734,0.8763,0.8763,0.8792,0.8821
sheet,LW 瞬間圧
condition,10.0,2.5,TRUE
brightness,0,1.5
brightness,1,1.3
brightness,2,1.1
brightness,3,0.9
brightness,4,0.7
brightness,5,0.5
brightness,6,0.3
brightness,7,0.1
line,0,-0.5286,91.5
line,1,-0.52,69.0
line,2,-0.48,49.5
region,A
Standard_Chart_x,2.044,2.099,2.154,2.209,2.264,2.319,2.374,2.429,2.484,2.539,2.594,2.649,2.703,2.758,2.813,2.868,2.923,2.978,3.033,3.088,3.143,3.198,3.253,3.308,3.363,3.418,3.473,3.528,3.583,3.638,3.693,3.748,3.803,3.858,3.913,3.968,4.023,4.078,4.133,4.188,4.243,4.298,4.353,4.408,4.463,4.518,4.573,4.628,4.683,4.738,4.793,4.848,4.903,4.958,5.013,5.068,5.123,5.178,5.232,5.287,5.342,5.397,5.452,5.507,5.562,5.617,5.672,5.727,5.782,5.837,5.892,5.947,6.002,6.057,6.112,6.167,6.222,6.277,6.332,6.387,6.442,6.497,6.552,6.607,6.662,6.717,6.772,6.827,6.882,6.937,6.992,7.047,7.102,7.157,7.212,7.267,7.322,7.377,7.432,7.487,7.542,7.597,7.652,7.707,7.762,7.816,7.871,7.926,7.981,8.036,8.091,8.146,8.201,8.256,8.311,8.366,8.421,8.476,8.531,8.586,8.641,8.696,8.751,8.806,8.861,8.916,8.971,9.026,9.081,9.136,9.191,9.246,9.301,9.356,9.411,9.466,9.521,9.576,9.631,9.686,9.741,9.796,9.851,9.906,9.961,10.02,10.13,10.18,10.24,10.29,10.35,10.4,10.46,10.51,10.62,10.68,10.73,10.79,10.9,10.95,11.01
Standard_Chart_y,0.2494,0.2581,0.2725,0.284,0.3013,0.3129,0.3158,0.3302,0.3504,0.359,0.3677,0.385,0.3908,0.411,0.4196,0.4312,0.4456,0.4542,0.4629,0.4831,0.4917,0.5062,0.5148,0.5263,0.5437,0.5523,0.561,0.5783,0.5869,0.5985,0.6129,0.6215,0.6388,0.6475,0.6562,0.6735,0.6821,0.6908,0.7081,0.7167,0.7312,0.7427,0.7513,0.7658,0.7744,0.7831,0.7975,0.809,0.8177,0.8321,0.8437,0.8552,0.8667,0.8783,0.8898,0.8985,0.9071,0.9215,0.9302,0.9446,0.9504,0.959,0.9735,0.9821,0.9879,1.002,1.008,1.02,1.031,1.034,1.048,1.054,1.063,1.072,1.077,1.089,1.098,1.103,1.115,1.121,1.126,1.138,1.144,1.149,1.161,1.167,1.178,1.184,1.187,1.198,1.204,1.21,1.222,1.224,1.233,1.242,1.245,1.256,1.262,1.268,1.276,1.279,1.285,1.297,1.299,1.308,1.314,1.32,1.328,1.331,1.337,1.346,1.351,1.354,1.366,1.369,1.374,1.38,1.386,1.392,1.398,1.403,1.409,1.415,1.423,1.426,1.429,1.438,1.441,1.447,1.452,1.455,1.461,1.47,1.47,1.478,1.481,1.484,1.493,1.496,1.498,1.504,1.507,1.513,1.519,1.522,1.53,1.533,1.539,1.542,1.548,1.55,1.553,1.559,1.565,1.571,1.571,1.573,1.582,1.588,1.588
region,B
Standard_Chart_x,1.978,2.033,2.088,2.143,2.198,2.308,2.363,2.418,2.528,2.583,2.638,2.692,2.747,2.802,2.857,2.912,2.967,3.022,3.077,3.132,3.187,3.242,3.297,3.352,3.407,3.462,3.517,3.572,3.627,3.682,3.737,3.792,3.847,3.902,3.957,4.012,4.067,4.122,4.177,4.232,4.287,4.342,4.397,4.452,4.507,4.562,4.617,4.672,4.727,4.782,4.837,4.892,4.947,5.002,5.057,5.112,5.167,5.222,5.276,5.331,5.386,5.441,5.496,5.551,5.606,5.661,5.716,5.771,5.826,5.881,5.936,5.991,6.046,6.101,6.156,6.211,6.266,6.321,6.376,6.431,6.486,6.541,6.596,6.651,6.706,6.761,6.816,6.871,6.926,6.981,7.036,7.091,7.146,7.201,7.256,7.311,7.366,7.421,7.476,7.531,7.586,7.641,7.696,7.751,7.805,7.86,7.915,7.97,8.025,8.08,8.135,8.19,8.245,8.3,8.355,8.41,8.465,8.52,8.575,8.63,8.685,8.74,8.795,8.85,8.905,8.96,9.015,9.07,9.125,9.18,9.235,9.29,9.345,9.4,9.455,9.51,9.565,9.62,9.675,9.73,9.785,9.84,9.895,9.95,10.0,10.06,10.11,10.17,10.22,10.33,10.39,10.44,10.5,10.61,10.66,10.72,10.77,10.88,10.94
Standard_Chart_y,0.2033,0.2148,0.2206,0.235,0.2437,0.2667,0.2725,0.2869,0.3071,0.3158,0.3302,0.336,0.3504,0.359,0.3648,0.3792,0.3879,0.3994,0.411,0.4167,0.4312,0.4398,0.4485,0.4629,0.4715,0.4744,0.4917,0.4975,0.509,0.5206,0.5263,0.5408,0.5494,0.5552,0.5696,0.5783,0.584,0.5985,0.6042,0.6187,0.6273,0.6331,0.6475,0.6504,0.6648,0.6735,0.6821,0.6908,0.7023,0.711,0.7225,0.7312,0.734,0.7485,0.7571,0.76,0.7744,0.7802,0.7946,0.8004,0.8062,0.8177,0.8235,0.8292,0.8437,0.8465,0.8523,0.8667,0.8696,0.8812,0.8869,0.8956,0.9042,0.91,0.9158,0.9273,0.9331,0.9388,0.9475,0.9504,0.9619,0.9648,0.9706,0.9792,0.985,0.9965,0.9994,1.005,1.014,1.017,1.023,1.031,1.034,1.043,1.048,1.054,1.06,1.066,1.069,1.077,1.083,1.086,1.095,1.1,1.106,1.112,1.115,1.123,1.126,1.129,1.138,1.141,1.147,1.152,1.155,1.164,1.167,1.173,1.178,1.181,1.187,1.193,1.196,1.201,1.204,1.207,1.216,1.216,1.222,1.227,1.23,1.236,1.239,1.242,1.248,1.25,1.253,1.259,1.265,1.268,1.271,1.271,1.279,1.282,1.282,1.291,1.294,1.294,1.299,1.305,1.308,1.308,1.314,1.32,1.323,1.323,1.328,1.334,1.334
region,C
Standard_Chart_x,2.033,2.088,2.198,2.253,2.308,2.363,2.418,2.473,2.528,2.583,2.638,2.692,2.747,2.802,2.857,2.912,2.967,3.022,3.077,3.132,3.187,3.242,3.297,3.352,3.407,3.462,3.517,3.572,3.627,3.682,3.737,3.792,3.847,3.902,3.957,4.012,4.067,4.122,4.177,4.232,4.287,4.342,4.397,4.452,4.507,4.562,4.617,4.672,4.727,4.782,4.837,4.892,4.947,5.002,5.057,5.112,5.167,5.222,5.276,5.331,5.386,5.441,5.496,5.551,5.606,5.661,5.716,5.771,5.826,5.881,5.936,5.991,6.046,6.101,6.156,6.211,6.266,6.321,6.376,6.431,6.486,6.541,6.596,6.651,6.706,6.761,6.816,6.871,6.926,6.981,7.036,7.091,7.146,7.201,7.256,7.311,7.366,7.421,7.476,7.531,7.586,7.641,7.696,7.751,7.805,7.86,7.915,7.97,8.025,8.08,8.135,8.19,8.245,8.3,8.355,8.41,8.465,8.52,8.575,8.63,8.685,8.74,8.795,8.85,8.905,8.96,9.015,9.07,9.125,9.18,9.235,9.29,9.345,9.4,9.455,9.51,9.565,9.62,9.675,9.73,9.785,9.84,9.895,9.95,10.0,10.06,10.11,10.17,10.22,10.33,10.39,10.44,10.5,10.61,10.66,10.72,10.77,10.94
Standard_Chart_y,0.1831,0.1888,0.2119,0.2148,0.2292,0.2379,0.2379,0.2581,0.261,0.2696,0.2812,0.284,0.2985,0.3071,0.3129,0.3215,0.3302,0.336,0.3475,0.3533,0.3677,0.3735,0.3763,0.3908,0.3994,0.4023,0.4167,0.4225,0.4283,0.4398,0.4456,0.4571,0.4629,0.4687,0.4773,0.4831,0.4917,0.5033,0.509,0.5206,0.5263,0.5321,0.5437,0.5465,0.5552,0.5667,0.5696,0.5783,0.5898,0.5927,0.6042,0.61,0.6158,0.6273,0.6302,0.636,0.6475,0.6504,0.6619,0.6677,0.6735,0.685,0.6879,0.6937,0.7052,0.711,0.7167,0.7254,0.7312,0.7369,0.7456,0.7485,0.76,0.7629,0.7715,0.7773,0.7831,0.7917,0.7975,0.8033,0.809,0.8119,0.8177,0.8263,0.8321,0.8408,0.8437,0.8494,0.8552,0.861,0.8638,0.8696,0.8754,0.8812,0.8869,0.8898,0.8985,0.9042,0.9042,0.9129,0.9158,0.9215,0.9273,0.9302,0.936,0.9417,0.9446,0.9504,0.9533,0.9562,0.9648,0.9648,0.9706,0.9763,0.9821,0.985,0.9908,0.9937,0.9994,0.9994,1.005,1.011,1.011,1.02,1.02,1.023,1.031,1.034,1.034,1.043,1.043,1.048,1.051,1.054,1.06,1.063,1.063,1.069,1.069,1.077,1.08,1.083,1.086,1.092,1.089,1.095,1.098,1.1,1.106,1.112,1.115,1.115,1.121,1.126,1.129,1.129,1.135,1.144
region,D
Standard_Chart_x,2.033,2.088,2.198,2.253,2.308,2.363,2.418,2.528,2.583,2.638,2.692,2.747,2.802,2.857,2.912,2.967,3.022,3.077,3.132,3.187,3.242,3.297,3.352,3.407,3.462,3.517,3.572,3.627,3.682,3.737,3.792,3.847,3.902,3.957,4.012,4.067,4.122,4.177,4.232,4.287,4.342,4.397,4.452,4.507,4.562,4.617,4.672,4.727,4.782,4.837,4.892,4.947,5.002,5.057,5.112,5.167,5.222,5.276,5.331,5.386,5.441,5.496,5.551,5.606,5.661,5.716,5.771,5.826,5.881,5.936,5.991,6.046,6.101,6.156,6.211,6.266,6.321,6.376,6.431,6.486,6.541,6.596,6.651,6.706,6.761,6.816,6.871,6.926,6.981,7.036,7.091,7.146,7.201,7.256,7.311,7.366,7.421,7.476,7.531,7.586,7.641,7.696,7.751,7.805,7.86,7.915,7.97,8.025,8.08,8.135,8.19,8.245,8.3,8.355,8.41,8.465,8.52,8.575,8.63,8.685,8.74,8.795,8.85,8.905,8.96,9.015,9.07,9.125,9.18,9.235,9.29,9.345,9.4,9.455,9.51,9.565,9.62,9.675,9.73,9.785,9.84,9.895,9.95,10.0,10.06,10.11,10.17,10.22,10.28,10.39,10.44,10.5,10.55,10.66,10.72,10.77,10.83
Standard_Chart_y,0.1542,0.16,0.1744,0.1802,0.186,0.1975,0.2004,0.2148,0.2235,0.2321,0.235,0.2465,0.2523,0.2581,0.2667,0.2696,0.2783,0.2869,0.2927,0.3013,0.3071,0.3129,0.3215,0.3273,0.3302,0.3417,0.3446,0.3533,0.359,0.3648,0.3735,0.3792,0.385,0.3937,0.3994,0.4023,0.4138,0.4167,0.4254,0.4312,0.4369,0.4456,0.4485,0.4542,0.4629,0.4687,0.4744,0.4831,0.4831,0.4946,0.5004,0.5033,0.5119,0.5177,0.5206,0.5292,0.535,0.5408,0.5465,0.5494,0.5581,0.5638,0.5667,0.5754,0.5783,0.584,0.5927,0.5956,0.6042,0.6071,0.6129,0.6187,0.6215,0.6273,0.6331,0.636,0.6417,0.6475,0.6504,0.6562,0.6619,0.6648,0.6706,0.6763,0.6792,0.685,0.6879,0.6965,0.6994,0.7023,0.7081,0.711,0.7138,0.7196,0.7225,0.7283,0.734,0.734,0.7427,0.7427,0.7456,0.7542,0.7571,0.76,0.7658,0.7687,0.7715,0.7744,0.7773,0.7831,0.786,0.7888,0.7946,0.7975,0.8004,0.8062,0.8062,0.8119,0.8148,0.8177,0.8206,0.8235,0.8292,0.8292,0.8321,0.835,0.8379,0.8408,0.8465,0.8494,0.8523,0.8552,0.8552,0.861,0.861,0.8638,0.8696,0.8725,0.8754,0.8783,0.8783,0.884,0.884,0.884,0.8898,0.8898,0.8927,0.8985,0.8956,0.9042,0.9042,0.9071,0.9071,0.91,0.9129,0.9158,0.9187
sheet,MS 持続圧
condition,50.0,10.0,TRUE
brightness,0,1.5
brightness,1,1.3
brightness,2,1.1
brightness,3,0.9
brightness,4,0.7
brightness,5,0.5
brightness,6,0.3
brightness,7,0.1
line,0,-0.54,67.9
region,A
Standard_Chart_x,7.373,7.649,7.924,8.2,8.475,8.75,9.301,9.576,9.852,10.13,10.4,10.68,10.95,11.23,11.5,11.78,12.06,12.33,12.61,12.88,13.16,13.43,13.71,13.98,14.26,14.53,14.81,15.08,15.36,15.64,15.91,16.19,16.46,16.74,17.01,17.29,17.56,17.84,18.11,18.39,18.66,18.94,19.22,19.49,19.77,20.04,20.32,20.59,20.87,21.14,21.42,21.69,21.97,22.24,22.52,22.8,23.07,23.35,23.62,23.9,24.17,24.45,24.72,25.0,25.27,25.55,25.82,26.1,26.38,26.65,26.93,27.2,27.48,27.75,28.03,28.3,28.58,28.85,29.13,29.41,29.68,29.96,30.23,30.51,30.78,31.06,31.33,31.61,31.88,32.16,32.43,32.71,32.99,33.26,33.54,33.81,34.09,34.36,34.64,34.91,35.19,35.46,35.74,36.01,36.29,36.57,36.84,37.12,37.39,37.67,37.94,38.22,38.49,38.77,39.04,39.32,39.59,39.87,40.15,40.42,40.7,40.97,41.25,41.52,41.8,42.07,42.35,42.62,42.9,43.18,43.45,43.73,44.0,44.28,44.55,44.83,45.1,45.38,45.65,45.93,46.2,46.48,46.76,47.03,47.31,47.58,47.86,48.13,48.41,48.68,48.96,49.23,49.51,49.78,50.34,50.61,51.16,51.44,51.99,52.26,52.54,53.09,53.36,53.64,54.19,54.47,54.74
Standard_Chart_y,0.2172,0.223,0.2259,0.2346,0.2404,0.2432,0.2577,0.2635,0.2722,0.275,0.2779,0.2895,0.2924,0.2982,0.3097,0.3126,0.3213,0.3271,0.3358,0.3415,0.3473,0.3531,0.3618,0.3647,0.3733,0.382,0.3878,0.3994,0.4051,0.4109,0.4196,0.4283,0.4312,0.4427,0.4456,0.4601,0.4659,0.4688,0.4832,0.489,0.4948,0.5063,0.515,0.5266,0.5324,0.5381,0.5526,0.5613,0.5671,0.5786,0.5844,0.5931,0.6046,0.6133,0.6249,0.6335,0.6422,0.6509,0.6596,0.6682,0.6798,0.6885,0.7029,0.7116,0.7203,0.7318,0.7405,0.7492,0.7608,0.7694,0.7752,0.7897,0.7983,0.8128,0.8186,0.8244,0.8388,0.8475,0.8591,0.8706,0.8793,0.8938,0.9024,0.9111,0.9227,0.9313,0.9429,0.9574,0.966,0.9776,0.9863,0.9949,1.012,1.018,1.027,1.041,1.05,1.061,1.076,1.085,1.099,1.108,1.116,1.125,1.137,1.145,1.16,1.166,1.177,1.186,1.194,1.206,1.209,1.218,1.235,1.241,1.246,1.258,1.264,1.278,1.284,1.29,1.301,1.307,1.316,1.325,1.33,1.342,1.348,1.351,1.362,1.371,1.374,1.385,1.388,1.4,1.403,1.408,1.42,1.423,1.429,1.437,1.44,1.449,1.455,1.458,1.466,1.475,1.481,1.486,1.492,1.495,1.507,1.51,1.524,1.527,1.541,1.544,1.559,1.565,1.57,1.582,1.588,1.591,1.602,1.608,1.617
region,B
Standard_Chart_x,7.373,7.649,7.924,8.2,8.475,8.75,9.301,9.576,9.852,10.13,10.4,10.68,10.95,11.23,11.5,11.78,12.06,12.33,12.61,12.88,13.16,13.43,13.71,13.98,14.26,14.53,14.81,15.08,15.36,15.64,15.91,16.19,16.46,16.74,17.01,17.29,17.56,17.84,18.11,18.39,18.66,18.94,19.22,19.49,19.77,20.04,20.32,20.59,20.87,21.14,21.42,21.69,21.97,22.24,22.52,22.8,23.07,23.35,23.62,23.9,24.17,24.45,24.72,25.0,25.27,25.55,25.82,26.1,26.38,26.65,26.93,27.2,27.48,27.75,28.03,28.3,28.58,28.85,29.13,29.41,29.68,29.96,30.23,30.51,30.78,31.06,31.33,31.61,31.88,32.16,32.43,32.71,32.99,33.26,33.54,33.81,34.09,34.36,34.64,34.91,35.19,35.46,35.74,36.01,36.29,36.57,36.84,37.12,37.39,37.67,37.94,38.22,38.49,38.77,39.04,39.32,39.59,39.87,40.15,40.42,40.7,40.97,41.25,41.52,41.8,42.07,42.35,42.62,42.9,43.18,43.45,43.73,44.0,44.28,44.55,44.83,45.1,45.38,45.65,45.93,46.2,46.48,46.76,47.03,47.31,47.58,47.86,48.13,48.41,48.68,48.96,49.23,49.51,49.78,50.34,50.61,50.89,51.44,51.71,51.99,52.54,52.81,53.64,53.92,54.47,54.74,55.02
Standard_Chart_y,0.1681,0.1739,0.1767,0.1854,0.1912,0.197,0.2057,0.2114,0.2172,0.223,0.2259,0.2346,0.2375,0.2432,0.2519,0.2548,0.2635,0.2664,0.2693,0.2779,0.2837,0.2895,0.2982,0.2982,0.3068,0.3126,0.3155,0.3271,0.3329,0.3358,0.3444,0.3531,0.356,0.3647,0.3705,0.3791,0.3849,0.3878,0.3994,0.4051,0.4109,0.4196,0.4254,0.4341,0.4427,0.4456,0.4543,0.463,0.4688,0.4774,0.4861,0.489,0.5006,0.5063,0.515,0.5208,0.5266,0.5381,0.5439,0.5526,0.5613,0.5671,0.5786,0.5873,0.5931,0.6017,0.6104,0.6191,0.6278,0.6335,0.6393,0.6509,0.6567,0.6682,0.6769,0.6827,0.6943,0.7,0.7087,0.7174,0.7232,0.7347,0.7434,0.7521,0.7608,0.7665,0.7752,0.7839,0.7926,0.8041,0.8128,0.8157,0.8301,0.8359,0.8417,0.8533,0.862,0.8706,0.8822,0.888,0.8995,0.9082,0.914,0.9227,0.9313,0.94,0.9516,0.9545,0.966,0.9747,0.9805,0.9921,0.9949,1.001,1.009,1.018,1.021,1.033,1.035,1.044,1.053,1.056,1.067,1.067,1.076,1.085,1.087,1.096,1.102,1.105,1.113,1.119,1.122,1.131,1.137,1.142,1.148,1.151,1.157,1.163,1.166,1.171,1.177,1.183,1.189,1.192,1.2,1.203,1.203,1.212,1.215,1.218,1.226,1.229,1.241,1.244,1.246,1.255,1.258,1.261,1.272,1.275,1.287,1.293,1.299,1.304,1.307
sheet,MS 瞬間圧
condition,50.0,10.0,TRUE
brightness,0,1.5
brightness,1,1.3
brightness,2,1.1
brightness,3,0.9
brightness,4,0.7
brightness,5,0.5
brightness,6,0.3
brightness,7,0.1
line,0,-0.6,69.5
region,A
Standard_Chart_x,7.408,7.683,8.232,8.507,9.056,9.33,10.15,10.43,10.7,10.98,11.25,11.53,11.8,12.08,12.35,12.63,12.9,13.18,13.45,13.72,14.0,14.27,14.55,14.82,15.1,15.37,15.65,15.92,16.2,16.47,16.75,17.02,17.3,17.57,17.84,18.12,18.39,18.67,18.94,19.22,19.49,19.77,20.04,20.32,20.59,20.87,21.14,21.41,21.69,21.96,22.24,22.51,22.79,23.06,23.34,23.61,23.89,24.16,24.44,24.71,24.99,25.26,25.53,25.81,26.08,26.36,26.63,26.91,27.18,27.46,27.73,28.01,28.28,28.56,28.83,29.1,29.38,29.65,29.93,30.2,30.48,30.75,31.03,31.3,31.58,31.85,32.13,32.4,32.68,32.95,33.22,33.5,33.77,34.05,34.32,34.6,34.87,35.15,35.42,35.7,35.97,36.25,36.52,36.79,37.07,37.34,37.62,37.89,38.17,38.44,38.72,38.99,39.27,39.54,39.82,40.09,40.36,40.64,40.91,41.19,41.46,41.74,42.01,42.29,42.56,42.84,43.11,43.39,43.66,43.94,44.21,44.48,44.76,45.03,45.31,45.58,45.86,46.13,46.41,46.68,46.96,47.23,47.51,47.78,48.05,48.33,48.6,48.88,49.15,49.43,49.7,49.98,50.53,50.8,51.08,51.63,51.9,52.72,53.0,53.55,53.82,54.1,54.65,54.92
Standard_Chart_y,0.2024,0.2082,0.2197,0.2255,0.2399,0.2428,0.2601,0.2688,0.2717,0.2775,0.2861,0.2948,0.3034,0.3092,0.315,0.3236,0.3294,0.3352,0.3438,0.3525,0.3583,0.3669,0.3698,0.3843,0.39,0.3929,0.4045,0.4102,0.4189,0.4275,0.4362,0.4478,0.4535,0.4593,0.4708,0.4795,0.4853,0.4968,0.5055,0.517,0.5257,0.5315,0.5459,0.5545,0.5603,0.5719,0.5805,0.5892,0.6036,0.6094,0.6209,0.6296,0.6382,0.6498,0.6584,0.6642,0.6787,0.6844,0.6989,0.7075,0.7162,0.7277,0.7364,0.745,0.7595,0.7681,0.7768,0.7912,0.7999,0.8143,0.823,0.8316,0.8461,0.8547,0.8634,0.8749,0.8836,0.898,0.9067,0.9153,0.9269,0.9355,0.9471,0.9586,0.9673,0.9788,0.9904,0.999,1.011,1.019,1.028,1.042,1.045,1.057,1.068,1.077,1.089,1.097,1.106,1.117,1.126,1.132,1.143,1.152,1.164,1.172,1.178,1.19,1.198,1.207,1.215,1.221,1.233,1.241,1.247,1.259,1.267,1.27,1.285,1.291,1.296,1.305,1.311,1.322,1.331,1.334,1.342,1.351,1.354,1.366,1.368,1.377,1.383,1.389,1.4,1.403,1.409,1.418,1.42,1.429,1.435,1.438,1.449,1.455,1.458,1.464,1.469,1.478,1.484,1.487,1.493,1.498,1.51,1.513,1.516,1.53,1.533,1.55,1.55,1.562,1.565,1.568,1.573,1.579
region,B
Standard_Chart_x,7.408,7.683,8.232,8.507,8.781,9.056,9.33,9.605,10.15,10.43,10.7,10.98,11.25,11.53,11.8,12.08,12.35,12.63,12.9,13.18,13.45,13.72,14.0,14.27,14.55,14.82,15.1,15.37,15.65,15.92,16.2,16.47,16.75,17.02,17.3,17.57,17.84,18.12,18.39,18.67,18.94,19.22,19.49,19.77,20.04,20.32,20.59,20.87,21.14,21.41,21.69,21.96,22.24,22.51,22.79,23.06,23.34,23.61,23.89,24.16,24.44,24.71,24.99,25.26,25.53,25.81,26.08,26.36,26.63,26.91,27.18,27.46,27.73,28.01,28.28,28.56,28.83,29.1,29.38,29.65,29.93,30.2,30.48,30.75,31.03,31.3,31.58,31.85,32.13,32.4,32.68,32.95,33.22,33.5,33.77,34.05,34.32,34.6,34.87,35.15,35.42,35.7,35.97,36.25,36.52,36.79,37.07,37.34,37.62,37.89,38.17,38.44,38.72,38.99,39.27,39.54,39.82,40.09,40.36,40.64,40.91,41.19,41.46,41.74,42.01,42.29,42.56,42.84,43.11,43.39,43.66,43.94,44.21,44.48,44.76,45.03,45.31,45.58,45.86,46.13,46.41,46.68,46.96,47.23,47.51,47.78,48.05,48.33,48.6,48.88,49.15,49.43,49.7,49.98,50.53,50.8,51.08,51.63,51.9,52.17,52.72,53.0,53.27,53.55,53.82,54.1,54.65,54.92
Standard_Chart_y,0.1505,0.1534,0.1678,0.1707,0.1764,0.1822,0.188,0.1938,0.2024,0.2111,0.214,0.2197,0.2284,0.2313,0.2399,0.2457,0.2515,0.2573,0.2659,0.2688,0.2775,0.2832,0.289,0.2977,0.3006,0.3092,0.3179,0.3208,0.3323,0.3352,0.341,0.3496,0.3554,0.3669,0.3727,0.3785,0.3871,0.3929,0.3987,0.4131,0.416,0.4275,0.4362,0.4391,0.4506,0.4564,0.4622,0.4737,0.4824,0.4882,0.4997,0.5084,0.517,0.5228,0.5315,0.5401,0.5459,0.5545,0.5661,0.5719,0.5834,0.5921,0.595,0.6094,0.6152,0.6238,0.6325,0.6411,0.6498,0.6584,0.6642,0.6758,0.6844,0.6931,0.7017,0.7104,0.7133,0.7248,0.7335,0.7422,0.7508,0.7566,0.7652,0.771,0.7797,0.7883,0.797,0.8056,0.8114,0.8201,0.8287,0.8374,0.8432,0.8518,0.8576,0.8663,0.8749,0.8836,0.8922,0.898,0.9038,0.9153,0.9182,0.9269,0.9355,0.9413,0.95,0.9557,0.9644,0.9731,0.9759,0.9817,0.9961,0.999,1.002,1.013,1.016,1.025,1.031,1.034,1.045,1.051,1.054,1.06,1.065,1.077,1.08,1.083,1.091,1.097,1.1,1.109,1.112,1.12,1.126,1.132,1.138,1.14,1.143,1.152,1.155,1.161,1.166,1.172,1.181,1.181,1.184,1.192,1.195,1.198,1.207,1.207,1.215,1.218,1.227,1.23,1.236,1.247,1.25,1.253,1.262,1.265,1.265,1.273,1.276,1.276,1.288,1.288
